,minimum,maximum
AAT,-1000.0,1000.0
ALATLm,0.0,0.0
ASNTLm,0.0,0.0
ASPO,0.0,9.955479520396864
ASPOm,0.0,9.955479520396528
ASPTLm,0.0,0.0
ASNTL,0.009936630842966108,7.351806205317299
ASPTL,0.009936630842966108,7.351806205316541
ALATL,0.0401014029985229,7.3819709774721005
ALATAH,0.0,7.341869574473711
ASNTAH,0.0,7.341869574473711
ASPTAH,0.0,7.341869574473576
ASPATh,-137.49661083804807,20.207409586464095
AGAT,0.0,12.173324146128317
AGATx,0.0,0.0
ASPS,0.010387934879780377,4.904967651196045
ASPSE,0.0,4.89457971631609
ACGAMPM,0.0009026080736285391,0.011592101606498388
G6PDA,-0.011592101606532255,14.682836540875757
UA4E,0.012135081320016826,0.013483427437071429
UDPACGLP,0.0009026080736262181,0.011592101606472066
AAPT,0.0,14.683738130247624
ACGAM6PSi,0.000902608073628539,0.011592062613132706
GF6PTA,0.0,14.683738130247379
UAD,0.01213508132001683,14.695873211566298
UDPGALOR,0.0,0.013483421972041738
UMPU,0.0,14.683738130246564
AOTA,0.022002539723710662,14.18335448842573
AOTAm,0.0,0.0
GACT,-68.72520375542554,14.183354488425195
GSC,0.006920153599627662,9.544659742524201
LGGSOR,-0.040620075424958185,14.161351948702348
PROOR,0.0,21.24095029742183
AAAT,0.0,68.74720326991293
AABHH,0.0,0.020309963625161295
AGGPR,0.02200253972371067,14.183354488422216
AGK,0.022002539723710666,14.183354488425582
AODAA,0.0,68.74720326991668
ARGDI,0.0,7.341869065124064
ARGT,0.022002539723710666,7.363871604847784
G5DH,0.006920153599627662,9.544659742524871
G5DHm,0.0,0.0
G5DHx,0.0,0.0
NOS,0.0,2.299252607667359
NOS1,0.0,2.0583821363138433
NOS2,0.0,1.0291910681568566
ORNTArm,0.0,14.161351948700764
P5CR,0.006920153599627662,9.544659742524574
P5CRm,0.0,21.240950297421872
PROTL,0.006920153599627662,7.348789218730773
PCOR,0.0,9.537739588924575
THPOR,0.0,0.0
P3H5COR,0.0,0.0
ARGTAH,0.0,7.341869065123247
PROTAH,0.0,7.341869065123955
ARGSL,0.022002539723710666,7.363871604847063
OCT,0.0,2.7015885333523566
OCTh,0.0,0.0
OCTm,-2.679586328340392,2.4692922280984946
ARGSS,0.022002539723710666,7.363871604848395
GLU5K,0.006920153599627662,9.54465974252739
GDPMANNE1,-1000.0000000000002,1000.0
GDPMANNE2,-999.9999999999999,1000.0
GDPMANNE3,-999.9999999999999,1000.0
ASCBOR4,-19.918995635260046,0.0
MDHASCBL,-19.918995635260053,0.0
ASCBOR,0.0,7.341913422397426
GTHDHu,0.0,14.683738130259488
UDPGLCURH,0.0,14.683738130259124
GDPGALP,0.0,0.04998701201455794
GAL1PP,0.0,14.683738130254879
GALOR,0.0,0.03384993937569623
GALTLOR,0.0,0.03384993937567037
ASCBOR2,0.0,19.918995635260053
ASCBOR3,0.0,9.9635161148632
ATPM_NGAM,2.85,2.85
ASAPT,0.0,0.0
PPCOAOm,0.0,0.0
BAOAT,0.0,4.847780284310691
APOR,0.0,0.0
BADP,0.0,0.0
HIDP,0.0,14.683738130257519
PAO,0.0,0.0
PBAL,0.0,0.0
HAL,0.0,14.683738130254952
DHDH,-4.847780645373359,1.3019913239928941e-18
DHPD,3.561470840760179e-15,4.847780284312751
BUPN,1.4618100136724526e-17,4.847780284313354
44MZYMMO,0.0,0.0
44MZYMOR,0.0,0.0
4MZYMDM,0.0,0.0
4MZYMR,0.0,0.0
CADMO,0.0,0.0
CADS,0.0,0.0
CAS,0.0001574356670384629,0.0001749284966581034
CMS,0.007782107101757262,0.042270753594293824
CYARTMT,0.0001574356670384629,0.00017492840467837214
CYEUOLCYCI,0.0001574356670384629,0.00017492840467851442
CYEUOLS,0.0001574356670384629,0.00017492840467851442
DDSMSTOLD,0.0,0.0
DSMSTOLD,0.0,0.0
DXRI,0.007782107101757597,0.04227075359423842
GGDR,-2.9748116226422297e-21,0.0013701281542295096
HDS,0.007782107101757599,0.04227075359414984
LNS14DM,0.0,0.0
LS,0.0,0.0
MCS,0.0077821071017576,0.04227075359424948
MERGTROLR,0.0001574356670384629,0.00017492840467846712
MPQMT,0.0,0.0
SMO,0.0001574356670384629,0.0001749284046785626
4MZYMCODH,0.0,0.0
CHLSTD78I,0.0,0.0
CHLSTI,0.0,0.0
CHLSTR,0.0,0.0
CMK,0.0077821071017576,0.04227075359421333
DDSMSTOLR,0.0,0.0
DSMSTOLR,0.0,0.0
DXS,0.007782107101757599,0.04227075359421168
FPPS,0.0,0.005856343139576725
FPPSh,0.0,0.005856343139592509
GGPS,0.001709373274881705,0.005541471805500683
GPPS,0.0,0.005856343139561409
GPPSh,0.0,0.005856343139576838
HPT,0.0,0.0
IDI,0.0,0.005856343139579002
IDIh,0.0,0.005856343139576644
IDS1,0.005757862492796937,0.04227075359418464
IDS2,0.0,0.0058563431395746044
LTHSTRLOR,0.0,0.0
OBFOOLOR,0.00015743566703846286,0.00017492840467837276
PSPPS,0.0001574356670384629,0.0001749284046784314
SS,0.0001574356670384629,0.00017492840467845335
TCYD,0.0,0.0
TCYG,0.0,0.0
TMTB,0.0,0.0
TMTD,0.0,0.0
TMTG,0.0,0.0
VITD3S,0.0,0.0
ZYMSTR,0.0,0.0
HST,0.0,0.003832050473999213
MSBQMT,0.0,0.0038320504740029133
3OACOAR,-6.165257303987694e-19,0.014572537174110715
3OACOAS,0.0,0.014572537174084334
COA1819ZD9DS,0.0,0.013676990439971913
ECOAH8,0.0,0.014572537174084334
ECOAR,0.0,0.014572537174084335
FACOAE160,0.0,7.349060293659941
FACOAE180,0.0,0.014572537174122682
FACOAE1819Z,0.0,7.345092624383207
FACOAE1829Z12Z,0.0,7.341867791628646
FACOAE1836Z9Z12Z,0.0,7.341867791628624
FACOAE1839Z12Z15Z,0.0,7.34186779162831
LNLCCOAOR,0.0,0.0
AMAOTr,9.260921590497821e-08,1.0289906157560445e-07
MALCOAMT,0.0,1.0289906157564422e-07
OGMEACPS,0.0,1.0289906157564424e-07
OGMEACPR,0.0,1.0289906157564422e-07
OGMEACPD,0.0,1.0289906157564422e-07
EGMEACPR,0.0,1.0289906157564422e-07
OPMEACPS,0.0,1.0289906157564421e-07
OPMEACPR,0.0,1.0289906157564422e-07
OPMEACPD,0.0,1.0289906157564422e-07
EPMEACPR,0.0,1.0289906157564422e-07
PMEACPE,0.0,1.0289906157564422e-07
AOXSr2,9.260921590497821e-08,1.0289906157564422e-07
DBTS,9.260921590497821e-08,1.0289906157564422e-07
BTS5,9.26092159049782e-08,1.0289906157564421e-07
BTNL,0.0,0.0
BTNL2,0.0,0.0
BTNLm,0.0,0.0
BTNLm2,0.0,0.0
BCACT,0.0011698161260436444,0.0012997948466538726
BCOR,-3.1417654577818324,0.05077466878061851
HBCHL,-0.050775101288261286,3.141764588921321
HBCHLm,0.0,0.0
HBCHLR,0.0,0.0
HBCO_nadp,-0.05077510128825574,1000.0
HBCO_nadp_m,0.0,1000.0000000000009
HBNOm,-0.050775101288255756,0.0
HBNOx,-0.050775101288434,0.0
APLh,0.0,2.2967975907300895
APLm,0.0,2.714397152673632
BNOR,0.0,0.0
BNORh,0.0,0.0
BTS,0.0,0.0
BTS_nadph,0.0,0.0
HBCO,0.0,1000.0
HBCOm,0.0,1000.0
SSNOh,0.0,0.0
SSNOm,0.0,4.8945785277326905
CALLOSES,0.0,0.016924889590277787
CALLOSESf,0.0,0.0
ALAAT,-1000.0,1000.0
HCO3E,-1000.0,-0.0026645396262865865
HCO3Em,-4.874014989177605,994.6825150139033
FBA3hi,1.2145858951562596,14.936666895304132
GAPDH_nadp_hi,0.0,1000.0
HCO3Ehi,0.0,94.01619324673779
MDH_nadp_hi,0.0,1000.0
MDHCm,0.0,14.683735583238278
PPC,0.0,68.74719785553057
PPDKh,0.0,0.1121957276528506
PRUK,1.6797728066390665,19.332598104645232
RBPCh,1.6797728066390663,19.332598104658732
SBP,1.2145858951573012,14.93666689530888
GAPDH_nadp,0.0,40.713966497025595
ASPATm,-1000.0,1000.0
MDHC_nadp_hr,-92.35942542717527,-4.324968518474832
ANXANASCOR,-5.1879876946492964e-05,7.341865457060064
BCAROH,6.06994382232524e-05,6.744377619767804e-05
BCAROKT,0.0,0.0
BCRPTXANH,6.0699438223241396e-05,6.74437761980805e-05
LCYA,0.00011206050133521506,0.00012451158682722576
LCYB,0.00012606806400211688,0.00014010223328726924
LCYD,0.00011206050133521508,0.00012451158682722576
LCYE,0.0,0.0
LCYG,0.0001260680640021169,0.00014010223328726927
LUTH,3.0349719111620725e-05,3.372188809904028e-05
NEOXANS,2.568053155598676e-05,2.853390531457253e-05
NOR,0.00023812856533733204,0.00026461382011449473
PDS1,0.00023812856533733204,0.0002646138201127877
PDS2,0.00023812856533733206,0.0002646138201127877
VIOXANOR,-4.669188925184679e-05,7.341870126231668
ZDS,0.00023812856533737513,0.00026461382011390205
TCZCARI,0.0,0.0
TCLYCI,0.0,0.0
ANXANOR,0.0,7.341912148905423
CHYA1,-2.7354703630755463e-21,9.857167290494113e-05
CHYA2,-1.426357308855247e-21,9.857167290406766e-05
CXHY,0.0,9.857167290517749e-05
PSY,0.00023812856533733196,0.0002646138201152748
ZAXANOR,0.0,7.341912148901674
ZHY,0.0,9.857167290392047e-05
PHYTOOR,0.0,0.0
DCPHYTFLOR,0.0,0.0
DCZCAROR,0.0,0.0
CY_focytc_h,0.0,0.6907793403018182
CY_focytb5_c,0.0,0.027353980879579964
ETF,0.0,1000.0
ETFQO,0.0,1000.0000000000002
CYSTAm,9.260921590497821e-08,1000.0
MERCPPYRST,9.260921590497821e-08,7.341867884176305
3SPYRSPh,0.0,2.819585349423815
3SPYRSPm,0.0,0.0
ACSERSULL,0.0,0.0
ACSERSULLh,0.0,0.0
ACSERSULLm,0.0,0.0
SHSL1h,0.0,0.0
SHSL2h,0.0,0.0
SHSL4h,0.0,0.0
CSLm,0.0,0.0
CSLh,0.0,0.0
AATC,0.0,0.0
AATCm,0.0,0.0
AATG,0.0,2.8195853494296723
AATGm,0.0,0.0
CTINBL,0.0,0.0
CYSATm,0.0,1000.0
CYSAT,0.0,0.0
CYSDO,0.0,2.819585349429672
CYSS,0.0,2.636375198509075
CYSS_trdrd,0.0,7.34186779162361
CYSTBL,0.0,2.8203083518866183
CYSTL,0.00035487967296307524,7.342222671302779
CYSTAH,0.0,7.341867791647689
SAT,-3.6719741587420704e-20,13.741395431388662
SATm,0.0,13.740715379545478
DM_apotfen_h,0.0,0.0
DM_asnglcnacglcnacman_LPAREN_man_RPAREN_man_c,0.00045130403681426895,0.005796050803287615
DM_bhb_m,0.0,0.050775094281487305
DM_bhb_x,0.0,0.0507750942814962
DM_cat_c,0.0,0.0
DM_ficytb5_c,0.0,0.0
DM_glu5sa_m,0.0,0.04062007542519175
DM_hcarn_c,0.0,0.020310037712601845
DM_icit_h,0.0,0.03385006285433006
DM_na1_c,0.0,10.000000000000023
DM_na1_h,0.0,10.00000000000001
DM_na1_m,0.0,10.000000000000002
DM_na1_x,0.0,10.000000000000009
DM_no_h,0.0,0.6907793403010142
DM_o2D_u,5.4249973249161485,12.766866899391559
DM_photon298_c,0.0,0.0
DM_photon437_u,0.0,0.0
DM_photon438_u,0.0,0.0
DM_photon450_h,0.0,0.0
DM_photon490_s,0.0,0.0
DM_photon646_h,7.5044874694443475,17.662284478625153
DM_photon673_u,0.0,29.36747829790216
DM_photon680_u,0.0,36.989802018032805
DM_udg_m,0.0,0.06770012570861723
DM_urdglyc_m,0.0,0.06770012570868228
DM_pqa_h,0.0,0.003832082587284049
DM_amob_m,9.260921590497822e-08,1.0289911568108868e-07
DM_12dgr18111Z160_c,0.0,0.005489179358167319
DM_12dgr1819Z160_c,0.0,0.005489179358169971
DM_dad_5_c,1.0418536789311865e-05,0.009210134348524558
DM_callose_c,0.0,0.016924969687695062
DM_callose_f,0.0,0.0
DM_pcb_c,0.0,0.006154534431888835
DM_fe2_h,0.0,10.0
DM_starch_h,0.0,0.00011283313125130522
DM_tag_c,0.0,0.003692720659132093
CITALALDOR,0.0,0.0
CITALDM,0.0,0.0
CITALMO,0.0,0.0
CITALOR,0.0,0.0
DDMCITALOR,0.0,0.0
DMCITALDM,0.0,0.0
DMCITALOR,0.0,0.0
LIDOAMH,0.0,0.0
LIDODM,0.0,0.0
LIDOMO,0.0,0.0
MEGLYXYLAMH,0.0,0.0
CYTP450R,0.0,0.0
56DH5FLURAAMH,0.0,0.0
5FLURAOR,0.0,0.0
5FLURAPRT,0.0,0.0
6MPURPRT,0.0,0.0
6TINS5MPOR,0.0,0.0
6TXAN5MPAML,0.0,0.0
AFLBURPPAAMH,0.0,0.0
TEGAMO,0.0,0.0
TGUAPRT,0.0,0.0
EX_h_e,-4.111503978754668,24.34669910909534
EX_h2o_e,-10.0,1.8041612029589267
EX_pi_e,-0.044892252010131646,-0.026428581362311524
EX_nh4_e,-1.0,-0.309220659698903
EX_no3_e,0.0,0.6907793403010416
EX_so4_e,-3.3999050309931738,-0.0013897800926226046
EX_fe2_e,-10.0,0.0
EX_fe3_e,0.0,0.0
EX_mg2_e,-0.0013701294299924601,-0.0012331161442070407
EX_na1_e,-10.0,0.0
EX_photonVis_e,-80.0,-33.9942313303219
EX_o2_e,-10.0,-0.9445443926056978
EX_co2_e,-2.0,-1.7969003637477472
EX_hco3_e,0.0,0.0
EX_ac_e,0.0,0.10154981812614261
EX_rib_D_e,0.0,0.04061992725045667
EX_no2_e,0.0,0.6907793403010544
EX_his_L_e,0.0,0.03384993937538231
EX_urea_e,0.0,0.20309963625226377
EX_ad_e,0.0,0.0
EX_gua_e,0.0,0.04061992725045739
EX_ade_e,0.0,0.04061992725045916
EX_alltt_e,0.0,0.05077490906307775
EX_alltn_e,0.0,0.05077490906307492
EX_hxan_e,0.0,0.04061992725046099
EX_orn_e,0.0,0.04061992725045484
EX_gln_L_e,0.0,0.04061992725045396
EX_urate_e,0.0,0.04061992725047315
EX_leu_L_e,0.0,0.033849939375371126
EX_arg_L_e,0.0,0.033849939375383165
EX_so3_e,0.0,1.69925749614924
EX_s_e,0.0,1.6992574961492406
EX_selt_e,0.0,0.0
EX_etoh_e,0.0,0.10154981812616723
EX_for_e,0.0,0.20309963625214997
EX_h2_e,0.0,7.054149496068473
EX_glyclt_e,0.0,0.10154981812605823
EX_succ_e,0.0,0.05077490906305834
EX_lac_D_e,0.0,0.06769987875089363
EX_6mpur_e,0.0,0.0
EX_tgua_e,0.0,0.0
EX_tega_e,0.0,0.0
EX_5flura_e,0.0,0.0
EX_cital_e,0.0,0.0
EX_lido_e,0.0,0.0
EX_ascb_e,6.4351243290620815e-21,0.033849939375447266
EX_xan_e,0.0,0.04061992725041321
EX_ura_e,0.0,0.050774909062993485
EX_meoh_e,0.0,1.0289911568109048e-07
EX_ncam_e,0.0,0.03384993937531592
EX_nmn_e,0.0,0.018463603295646662
EX_thm_e,0.0,0.0
EX_pheme_e,0.0,0.0
EX_biliverd_e,0.0,0.0
EX_co_e,0.0,0.20309963625215832
3HAD100,-6.878317767769052e-17,0.865593084108695
3HAD120,0.0,0.8655930841086811
3HAD140,0.0,0.8655930841086811
3HAD160,1.2097219479944535e-18,0.8655930841086799
3HAD40,0.0,0.8655930841086812
3HAD60,0.0,0.8655930841086811
3HAD80,0.0,0.865593084108681
3OAR100,0.0,0.8655930841086811
3OAR120,0.0,0.8655930841086811
3OAR140,0.0,0.8655930841086811
3OAR160,1.2097219479944533e-18,0.8655930841086799
3OAR40,0.0,0.8655930841086812
3OAR60,0.0,0.8655930841086811
3OAR80,0.0,0.865593084108681
ACCOAC,0.0,6.063944699409353
MCOATA,0.002664539626132215,6.0639446994096975
ACCOACm,0.0,3.0869560320063674e-07
MCOATAm,0.0,2.0579706880028492e-07
3HAD180,0.0,0.014572563150579526
3HAD181,0.0026645396261322134,0.008153718984302888
3OAR180,0.0,0.014572563150597686
3OAR181,0.0026645396261322134,0.00815371898430289
3OAS100,0.0,0.8655930841086191
3OAS120,0.0,0.8655930841086056
3OAS140,0.0,0.8655930841086056
3OAS160,-1.3857553433374771e-18,0.8655930841086051
3OAS180,0.0,0.014572563150595944
3OAS181,0.002664539626132214,0.008153718984302706
3OAS60,0.0,0.8655930841086209
3OAS80,0.0,0.8655930841086695
ACOATA,0.0,0.8655930841086696
ACP1619ZD9DS,0.0027016385591567163,0.008190817917332161
ACP1819ZD9DS,0.0,0.013677016416488214
BTNC,0.0,6.063944699409176
EAR100x,0.0,0.8655930841086796
EAR100y,0.0,0.8655930841085882
EAR120x,0.0,0.8655930841085987
EAR120y,0.0,0.8655930841085986
EAR140x,0.0,0.8655930841086011
EAR140y,0.0,0.8655930841086013
EAR160x,0.0,0.8655930841086106
EAR160y,0.0,0.8655930841086105
EAR180x,0.0,0.014572563150595418
EAR181x,0.0,0.008153718984308497
EAR181y,0.0,0.008153718984317864
EAR40x,0.0,0.8655930841087057
EAR40y,0.0,0.8655930841086688
EAR60x,0.0,0.8655930841086686
EAR60y,0.0,0.865593084108669
EAR80x,0.0,0.8655930841086829
EAR80y,0.0,0.865593084108683
FA100ACPHi,0.0,0.0
FA120ACPHi,0.0,0.0
FA140ACPHi,0.0,20.05127786658741
FA160ACPHi,0.0,20.051277866588773
FA161ACPHi,0.0,20.0512778665886
FA180ACPHi,0.0,20.05127786658739
FA1819ZACPH,0.0,20.051277866588972
FA181ACPHi,0.0024834199529656623,20.053761286541068
FA80ACPHi,0.0,0.0
KAS14,0.0,0.8655930841086847
BTNCm,0.0,3.08695603200591e-07
ECOAH2m,-1.3666245114361919e-16,3.5120305621306525
ECOAH3m,0.0,3.512030562130529
ECOAH4m,0.0,3.512030562130529
ECOAH5m,0.0,3.512030562130529
ECOAH6m,0.0,3.512030562130529
ECOAH7m,0.0,3.512030562130529
HACD2m,0.0,3.5120305621305286
HACD3m,0.0,3.5120305621305286
HACD4m,0.0,3.5120305621305286
HACD5m,0.0,3.5120305621305286
HACD6m,0.0,3.5120305621305286
HACD7m,0.0,3.5120305621305286
ACACT2m,0.0,3.5120305621305286
ACACT3m,0.0,3.5120305621305286
ACACT4m,0.0,3.5120305621305286
ACACT5m,0.0,3.5120305621305286
ACACT6m,0.0,3.5120305621305286
ACACT7m,0.0,3.5120305621305286
ACOAR2m,0.0,3.5120305621305286
ACOAR3m,0.0,3.5120305621305286
ACOAR4m,0.0,3.5120305621305286
ACOAR5m,0.0,3.5120305621305286
ACOAR6m,0.0,3.5120305621305286
ACOAR7m,0.0,3.5120305621305286
ACACT1,0.0,3.123635858360735
ACACT2,0.0,3.4950712665978756
ACACT3,0.0,3.4950712665978805
ACACT4,0.0,3.4950712665978796
ACACT5,0.0,3.4950712665978787
ACACT6,0.0,3.4950712665978783
ACACT7,0.0,3.4950712665978774
CYTP450Rh,0.0,0.0
ECOAH1,0.0,3.1236358583607338
ECOAH2,0.0,3.495071266598011
ECOAH3,0.0,3.4950712665979875
ECOAH4,0.0,3.495071266597986
ECOAH5,0.0,3.4950712665979853
ECOAH6,0.0,3.495071266597985
ECOAH7,0.0,3.4950712665979844
HACD1,0.0,3.123635858360844
HACD2,0.0,3.4950712665979524
HACD3,0.0,3.4950712665979307
HACD4,0.0,3.4950712665979298
HACD5,0.0,3.495071266597929
HACD6,0.0,3.4950712665979284
HACD7,0.0,3.4950712665979276
AACP1819ZS,0.0,20.054502699342848
AACPS1,0.0,20.05127786658771
AACPS3,0.0,20.057574821886025
AACPS4,0.0,20.05127786658849
AACPS5,0.0,20.051277866588304
AACPS6,0.0,20.051277866588443
ACOA100OR,0.0,3.4950712665979524
ACOA120OR,0.0,3.495071266597899
ACOA140OR,0.0,3.4950712665978982
ACOA160OR,0.0,3.4950712665978982
ACOA40OR,0.0,3.1236358583607666
ACOA60OR,0.0,3.495071266597913
ACOA80OR,0.0,3.4950712665978942
CACOAL,0.0006313285301152626,7.342500393654458
FACOAL160,0.0,7.341869065124487
FAH120,0.0,0.0
FAH140,0.0,0.0
FAH160,0.0,0.0
FAH1819Z,0.0,0.0
FAH1829Z12Z,0.0,0.0
LNLCCOAL,0.0,7.341869065124226
LNLNCACOAL,0.0,7.341869065124567
LNLNCGCOAL,0.0,7.341869065124445
PACOAL,0.0006299725703967138,7.342499037694392
DHNPAr,0.0,0.0
10FTHFGLULL,0.0,0.0
10FTHFGLULLm,0.0,0.0
ADCL,0.0,0.0
ADCS,0.0,0.0
AKP1,0.0,0.0
DHFOR,0.0,0.0
DHFS,0.0,-1.1093347482227294e-14
DHPS,0.0,0.0
DNMPPA,0.0,0.0
DNTPPA,0.0,0.0
FOLD3,0.0,0.0
GTPCI,0.0,0.0
HPPK,0.0,0.0
THFGLUH,0.0,14.683738130248674
THFGLUS,0.0,14.683738130249711
THFOR1,0.0,0.0
THFOR2,0.0,0.0
THFGLUSm,0.0,0.0
AGAKI,-0.027173950598856238,0.00489453
FPGPL,0.0,0.0
MAKI,-0.00489452999999937,0.027173833618768527
MPAKI,-0.06830152986825602,-0.004061736331328419
MPPM,0.00406173633132842,0.06830152986826091
SBTRh,0.0,0.0
AF1PT,0.0,0.0
AM6PT,0.0,0.032068480598859916
AM6PTh,0.0,0.0
BFBP,0.0,0.0
BFBPh,0.0,0.0
F2PP,0.0,0.0
FBPPH,0.0,14.683739148950881
GAMPG,0.00406173633132842,0.06830152986826084
PFK26,0.0,14.683739148950815
UG4E,0.0030670564223471888,0.06518927323536661
AGMIS,0.0,0.0
EMGH,0.0,0.0
GALK,0.0,14.683739148951005
GALKh,0.0,0.0
GALO,0.0,0.0
GGGH,0.0,0.0
GRGT,0.0,0.0
IAGT,0.0,0.0
LCGH,0.0,0.0
MGHA,0.0,0.0
MGHB,0.0,0.0
MLGH,0.0,0.0
MTGH,0.0,0.0
OAGMIG,0.0,0.0
RFH,0.0,0.0
RGH,0.0,0.0
SFH,0.0,0.0
SGHA,0.0,0.0
SGHB,0.0,0.0
SYGH,0.0,0.0
GLCURK,-1.2154792886626917e-18,14.683739148950815
ABAT,0.0,4.89457971631696
ARGD,0.0,4.89457971631668
ARGDh,0.0,3.670934787237608
GAL,0.0,68.80464748769178
GAM,0.0,68.74720629515207
GDR,0.0,10.729268508867511
GDR_nadp,0.0,10.72926850886756
GDR_nadp_h,0.0,14.691521256052365
GDR_nadp_m,0.0,0.0
GDRh,0.0,14.69152125605266
GDRm,0.0,0.0
GLNTL,0.011888469021110718,7.353758043496292
GLUS_ferr,0.0,10.542799394096603
GLUTL,0.011888469021110716,7.353758043496018
PRDPARh,0.0,0.0
GLNTAH,0.0,7.34186957447518
GLUTAH,0.0,7.341869574475179
GDHm,0.0,84.42059916764968
GCL,2.731971869195727e-06,14.683741880922394
GTHS,2.731971869195727e-06,14.683741880923218
GALh,0.0,68.80464748769273
GALm,0.0,4.874014733448966
GLUS,0.0,68.74720629513776
GDH,0.0,74.35166207428826
GDH_nadp,0.0,74.3516620742879
GTHAMPOR,-7.3432593545679445,-0.0013897800926228393
GTHAMPORh,0.0,0.0
GTHAMPORm,0.0,0.0
GTHPDSOR,-0.04227087940264371,-0.007782107101757597
GTHP,0.0,9.704207581915634
OPAH,0.0,0.0
GGGAP,0.0,14.683739148950497
CGDP,0.0,14.683739148951027
ALCD19,-1000.0,1000.0
ALCD19y,-1000.0,1000.0
GLYALDOR,-2.4496179179893023,0.009555349224613183
ACOADAGAT16018111Z160,0.0,7.349123088667385
ACOADAGAT16018111Z180,5.951819802735812e-05,7.341928583351824
ACOADAGAT16018111Z18111Z,0.0,7.341928723247461
ACOADAGAT16018111Z1819Z,0.0,7.345153555991492
ACOADAGAT16018111Z1835Z9Z12Z,5.9939172936244945e-05,7.3419290043158725
ACOADAGAT16018111Z1845Z9Z12Z15Z,6.0080355027534546e-05,7.341929145498038
ACOADAGAT1601819Z160,0.0,7.3491230886762455
ACOADAGAT1601819Z180,5.951819802735812e-05,7.3419285833314
ACOADAGAT1601819Z18111Z,0.0,7.34192872323197
ACOADAGAT1601819Z1819Z,0.0,7.345153555993357
ACOADAGAT1601819Z1835Z9Z12Z,5.9939172936244945e-05,7.341929004307678
ACOADAGAT1601819Z1845Z9Z12Z15Z,6.0080355027534546e-05,7.34192914549056
ACOADAGAT1801819Z160,0.0,7.349121085370616
ACOADAGAT1801819Z180,5.764123284098954e-05,7.341926706361287
ACOADAGAT1801819Z18111Z,0.0,7.341926837569285
ACOADAGAT1801819Z1819Z,0.0,7.345151670329156
ACOADAGAT1801819Z1835Z9Z12Z,5.803598664577783e-05,7.341927101124848
ACOADAGAT1801819Z1845Z9Z12Z15Z,5.816833556018424e-05,7.341927233467094
ACOADAGAT18111Z18111Z160,0.0,7.349121225275979
ACOADAGAT18111Z18111Z180,5.7772436404429116e-05,7.341926837587673
ACOADAGAT18111Z18111Z18111Z,0.0,7.341926969381689
ACOADAGAT18111Z18111Z1819Z,0.0,7.345151802132727
ACOADAGAT18111Z18111Z1835Z9Z12Z,5.8168995521558584e-05,7.341927234124333
ACOADAGAT18111Z18111Z1845Z9Z12Z15Z,5.83019524696336e-05,7.341927367096217
ACOADAGAT18111Z1819Z160,0.0,7.349121225259628
ACOADAGAT18111Z1819Z180,5.7772436404429116e-05,7.341926837566031
ACOADAGAT18111Z1819Z18111Z,0.0,7.341926969385649
ACOADAGAT18111Z1819Z1819Z,0.0,7.345151802127937
ACOADAGAT18111Z1819Z1835Z9Z12Z,5.8168995521558584e-05,7.34192723412876
ACOADAGAT18111Z1819Z1845Z9Z12Z15Z,5.83019524696336e-05,7.341927367096158
ACOADAGAT1819Z18111Z160,0.0,7.349121225258185
ACOADAGAT1819Z18111Z180,5.7772436404429116e-05,7.341926837564473
ACOADAGAT1819Z18111Z18111Z,0.0,7.341926969385695
ACOADAGAT1819Z18111Z1819Z,0.0,7.345151802127909
ACOADAGAT1819Z18111Z1835Z9Z12Z,5.8168995521558584e-05,7.341927234132763
ACOADAGAT1819Z18111Z1845Z9Z12Z15Z,5.83019524696336e-05,7.3419273670961935
ACOADAGAT1819Z1819Z160,0.0,7.349121225259128
ACOADAGAT1819Z1819Z180,5.7772436404429116e-05,7.341926837573623
ACOADAGAT1819Z1819Z18111Z,0.0,7.341926969377483
ACOADAGAT1819Z1819Z1819Z,0.0,7.3451518021290045
ACOADAGAT1819Z1819Z1835Z9Z12Z,5.8168995521558584e-05,7.34192723412811
ACOADAGAT1819Z1819Z1845Z9Z12Z15Z,5.83019524696336e-05,7.341927367083616
ACPT16018111Z,3.563417094691811e-06,3.959351823286015e-06
ACPT1601819Z,0.0003326049359173217,0.00036956099285325605
ACPT18111Z18111Z,3.442034469358334e-06,3.824482256773838e-06
ACPT18111Z1819Z,4.393561297819937e-05,4.8817341537817386e-05
ACPT1819Z18111Z,2.246442088247987e-05,2.49604644690732e-05
ACPT1819Z1819Z,0.0002289910980749502,0.000254434521020374
AGPAT1601819Zh,0.0,0.0
AGPAT160h,0.00011323162242341087,0.00012581289778448358
AGPAT1801819Zh,0.0,0.0
AGPAT18111Z160h,0.00018111967316655165,0.00020124405567248276
AGPAT18111Z1819Zh,0.0,0.0
AGPAT1819Z160h,0.0031877338210858897,0.003541926016892439
AGPAT1819Z1619Zh,3.709893302450293e-05,4.122103144536567e-05
AGPAT1819Z18111Zh,0.0,0.0
AGPAT1819Z1819Zh,0.0,0.0
AGPATCOA16018111Z,0.0003639388511832811,7.342641709569585
AGPATCOA1601819Z,0.0006929803700059112,7.346195583834746
AGPATCOA1801819Z,0.00048777935959900013,7.345990382829926
AGPATCOA18111Z160,8.88791108661472e-05,7.349571639881939
AGPATCOA18111Z18111Z,0.0003531519919284713,7.342630922700683
AGPATCOA18111Z1819Z,0.0005434180461838221,7.3460460215168535
AGPATCOA1819Z160,1.1964495693519783e-05,7.3494947252750675
AGPATCOA1819Z18111Z,0.0003721743783420855,7.3426499450880565
AGPATCOA1819Z1819Z,0.0005923404856701499,7.346094943951171
ASQDCADS1829Z12Z160,0.0001100499587022127,0.00012227771632201454
ASQDCADS1839Z12Z15Z160,5.507665176298208e-05,6.119627194439806e-05
ASQDPADS1829Z12Z160,0.00010984467555167122,0.0001220496239610242
ASQDPADS1839Z12Z15Z160,5.4973817592040724e-05,6.10820117690122e-05
DAGAH16018111Z,0.0,2.9396246268634285
DAGAH1601819Z,0.0,2.940914559970832
DAGAH1801819Z,0.0,2.93803755915817
DAGAH18111Z18111Z,0.0,2.9367476260533416
DAGAH18111Z1819Z,0.0,2.9380375591561987
DAGAH1819Z18111Z,0.0,2.9380375591563377
DAGAH1819Z1819Z,0.0,2.9380375591516565
DAGK16018111Z,0.0,14.683738130274024
DAGK1601819Z,0.0,14.683738130274987
DAGK1601819Zh,0.0,40.10255573321029
DAGK160h,0.0,40.10255573321127
DAGK1801819Z,0.0,14.68373813023761
DAGK1801819Zh,0.0,40.10255573317066
DAGK181,0.0,14.683738130279478
DAGK18111Z160h,0.0,40.10255573318915
DAGK18111Z1819Z,0.0,14.683738130301519
DAGK18111Z1819Zh,0.0,40.10255573318427
DAGK1819Z160h,0.0,40.10255573316646
DAGK1819Z1619Zh,0.0,40.10255573315759
DAGK1819Z18111Z,0.0,14.683738130262222
DAGK1819Z18111Zh,0.0,40.102555733170995
DAGK1819Z1819Z,0.0,14.683738130245413
DAGK1819Z1819Zh,0.0,40.10255573318525
DGDGD4DS1819Z1634Z7Z10Z,9.29410684690273e-06,0.0018941666059479898
DGDGD4DS1829Z12Z1634Z7Z10Z,0.0,0.001883839821879078
DGDGD4DS1839Z12Z15Z1634Z7Z10Z,0.0,0.0016824161184151047
DGDGD4DS1839Z12Z15Z1644Z7Z10Z13Z,0.0,0.0014775562687336572
DGDGD7DS1819Z1617Z,5.1015508906967055e-05,0.002302455209159279
DGDGD7DS1829Z12Z1617Z,0.0,0.0022457713175904285
DGDGGH1819Z160,0.0,0.04998701201372998
DGDGGH1819Z1617Z,0.0,0.002057652945358099
DGDGGH1819Z1619Z,0.0,0.04998701201715206
DGDGGH1819Z1627Z10Z,0.0,0.0020473100165948493
DGDGGH1819Z1637Z10Z13Z,0.0,0.0018181468070385745
DGDGGH1829Z12Z160,0.0,0.0020783111333148854
DGDGGH1829Z12Z1617Z,0.0,0.002057652945345369
DGDGGH1829Z12Z1619Z,0.0,1.0342928757862721e-05
DGDGGH1829Z12Z1627Z10Z,0.0,0.0020473100165876866
DGDGGH1829Z12Z1634Z7Z10Z,0.0,0.001818146807045726
DGDGGH1829Z12Z1637Z10Z13Z,0.0,0.001818146807045585
DGDGGH1839Z12Z15Z160,0.0,1.0342928757861009e-05
DGDGGH1839Z12Z15Z1627Z10Z,0.0,0.0018181470847039101
DGDGGH1839Z12Z15Z1634Z7Z10Z,0.0,0.0016305225229030632
DGDGGH1839Z12Z15Z1637Z10Z13Z,0.0,0.0016305225229034102
DGDGGH1839Z12Z15Z1644Z7Z10Z13Z,0.0,0.001463695392227359
DGDGS1819Z160,0.0005658434676012866,0.050552855480992455
DGDGS1819Z1619Z,2.7790295957132597e-05,0.05001480231122206
DGDGW3DS1819Z1637Z10Z13Z,9.29410684690273e-06,0.001894166605954008
DGDGW3DS1829Z12Z1637Z10Z13Z,0.0,0.0018838398218788872
DGDGW3DS1839Z12Z15Z160,0.00011128311831889849,0.0001339908222566374
DGDGW3DS1839Z12Z15Z1627Z10Z,2.4839230549935328e-05,0.0019356725407600626
DGDGW3DS1839Z12Z15Z1634Z7Z10Z,0.0,0.0016824161184130712
DGDGW3DS1839Z12Z15Z1637Z10Z13Z1,0.0,0.0016824161184130827
DGDGW3DS1839Z12Z15Z1637Z10Z13Z2,0.0,0.0016824161184115756
DGDGW3DS1839Z12Z15Z1644Z7Z10Z13Z,0.0,0.001477556268729978
DGDGW6DS1819Z1627Z10Z,3.7135602739696806e-05,0.0022612341777106327
DGDGW6DS1829Z12Z160,0.0002655026165573191,0.0025614323752846764
DGDGW6DS1829Z12Z1617Z,0.0,0.002245771317588241
DGDGW6DS1829Z12Z1619Z,1.3910389789862313e-05,2.57989154452101e-05
DGDGW6DS1829Z12Z1627Z10Z1,0.0,0.0022199724021430326
DGDGW6DS1829Z12Z1627Z10Z2,0.0,0.0022199724021430326
DGDGW6DS1829Z12Z1634Z7Z10Z,0.0,0.0018838398218773075
DGDGW6DS1829Z12Z1637Z10Z13Z,0.0,0.0018838398218775259
DGTSD5DS1601835Z9Z12Z,0.00027758820025295343,0.00030843129434080673
DGTSD5DS18111Z1835Z9Z12Z,3.1175575934173154e-05,3.4639524404981704e-05
DGTSD5DS1819Z1835Z9Z12Z,3.1175575934173154e-05,0.00019835929831628335
DGTSD5DS1829Z12Z1835Z9Z12Z,0.0,0.00016371977391130166
DGTSDS1601829Z12Z,0.00032904151882262985,0.0003656016410273885
DGTSDS1601845Z9Z12Z15Z,9.700604655552082e-05,0.00010778448244823294
DGTSDS18111Z1829Z12Z,4.049357850884104e-05,4.499285928072823e-05
DGTSDS18111Z1845Z9Z12Z15Z,1.2490046716057484e-05,1.3877827917396872e-05
DGTSDS1819Z1829Z12Z,4.049357850884105e-05,0.00022947405654969255
DGTSDS1819Z1845Z9Z12Z15Z,1.2490046716057484e-05,3.867101839658699e-05
DGTSDS1829Z12Z18111Z,1.9022386413121537e-05,2.1135982212162895e-05
DGTSDS1829Z12Z1819Z,1.902238641312154e-05,0.00020561717948122893
DGTSDS1829Z12Z1829Z12Z1,0.0,0.00018448119726906603
DGTSDS1829Z12Z1829Z12Z2,0.0,0.00018448119726906603
DGTSDS1829Z12Z1835Z9Z12Z,0.0,0.00016371977391137655
DGTSDS1829Z12Z1845Z9Z12Z15Z1,0.0,2.4793190479200167e-05
DGTSDS1829Z12Z1845Z9Z12Z15Z2,0.0,2.4793190479200167e-05
DGTSDS1839Z12Z15Z18111Z,1.5571274348429727e-05,1.7301413739660864e-05
DGTSDS1839Z12Z15Z1819Z,1.5571274348429727e-05,1.7301413739660864e-05
DGTSDS1839Z12Z15Z1835Z9Z12Z,5.00936607135434e-05,7.658760642107757e-05
DGTSDS1839Z12Z15Z1845Z9Z12Z15Z1,0.0,2.0927990493318917e-05
DGTSDS1839Z12Z15Z1845Z9Z12Z15Z2,0.0,2.09279904933285e-05
FACOAL180,0.0008955467341124224,7.342764611861115
FACOAL181,0.0,7.341869065110826
FACOAL18111Z,0.0024834199529656627,7.344352485074012
G3PAT160,0.0010569192211891934,2.9419714791844034
G3PAT160h,0.00011323162242341085,0.00012581289778407302
G3PAT180,0.00048777935959900013,2.9385253385529113
G3PAT180h,0.0,0.0
G3PAT181,0.0009854491489789327,2.9390230082997015
G3PAT1819Z,0.0009764793597057556,2.939014038509149
G3PAT1819Zh,0.003224832754110393,0.003583147048322183
G3PAT181h,0.00018111967316655165,0.00020124405566410625
GLYK,0.0,2.944421187021114
MAGAH160,0.0,2.940914559970924
MAGAH180,0.0,2.9380375591515677
MAGAH18111Z,0.0,2.9380375591505494
MAGAH1819Z,0.0,2.938037559150301
MGDGD4DS1819Z1644Z7Z10Z13Z,1.1326278249280727e-20,0.0016305225229066825
MGDGD4DS1829Z12Z1634Z7Z10Z,0.0,0.0018181468075261031
MGDGD4DS1829Z12Z1644Z7Z10Z13Z,0.0,0.0016305225229335254
MGDGD4DS1839Z12Z15Z1634Z7Z10Z,0.0,0.0016305225229286857
MGDGD4DS1839Z12Z15Z1644Z7Z10Z13Z,0.0,0.0014636953920805116
MGDGD7DS1819Z1617Z,0.0,0.0020576529451358408
MGDGD7DS1829Z12Z1617Z,0.0,0.002057652945896626
MGDGS1819Z160,0.002436323725764267,0.002707026017303646
MGDGS1819Z1619Z,3.709893302450292e-05,4.122103144566001e-05
MGDGW3DS1819Z1637Z10Z13Z,0.0,0.0018181468070708085
MGDGW3DS1829Z12Z1637Z10Z13Z,0.0,0.0018181468073568338
MGDGW3DS1829Z12Z1644Z7Z10Z13Z,0.0,0.0016305225229196303
MGDGW3DS1839Z12Z15Z160,0.0,1.0342928758001487e-05
MGDGW3DS1839Z12Z15Z1627Z10Z,0.0,0.00181814708473349
MGDGW3DS1839Z12Z15Z1634Z7Z10Z,0.0,0.0016305225229161348
MGDGW3DS1839Z12Z15Z1637Z10Z13Z1,0.0,0.0016305225229226162
MGDGW3DS1839Z12Z15Z1637Z10Z13Z2,0.0,0.0016305225229253076
MGDGW3DS1839Z12Z15Z1644Z7Z10Z13Z1,0.0,0.0014636953922486185
MGDGW3DS1839Z12Z15Z1644Z7Z10Z13Z2,0.0,0.0014636953922486195
MGDGW6DS1819Z1627Z10Z,0.0,0.002047310016614212
MGDGW6DS1829Z12Z160,0.0,0.002078311133920004
MGDGW6DS1829Z12Z1617Z,0.0,0.0020576529453638533
MGDGW6DS1829Z12Z1619Z,0.0,1.0342928757746785e-05
MGDGW6DS1829Z12Z1627Z10Z1,0.0,0.002047310016800874
MGDGW6DS1829Z12Z1627Z10Z2,0.0,0.0020473100165085884
MGDGW6DS1829Z12Z1637Z10Z13Z,0.0,0.0018181468072475879
MGDGW6DS1829Z12Z1644Z7Z10Z13Z,0.0,0.0016305225234300236
PAPA16018111Z,0.00036393885118328175,14.684103087802061
PAPA1601819Z,0.0006929803700059116,14.68443212932062
PAPA1601819Zh,0.0,40.10255854232059
PAPA160h,0.00011323162242341083,40.10267177394389
PAPA1801819Z,0.00048777935959900024,14.684226928310926
PAPA1801819Zh,0.0,40.10255854232025
PAPA181,0.0003531519919289639,14.684092300942638
PAPA18111Z160h,0.00013201471388067613,40.10269055703638
PAPA18111Z1819Z,0.0005434180461838217,14.684282566996297
PAPA18111Z1819Zh,0.0,40.10255854231994
PAPA1819Z160h,0.002857855018282458,40.10541639734081
PAPA1819Z1619Zh,3.7098933024502923e-05,40.10259564125381
PAPA1819Z18111Z,0.00037217437834208544,14.684111323329256
PAPA1819Z18111Zh,0.0,40.10255854232303
PAPA1819Z1819Z,0.0005923404856701499,14.684331489436204
PAPA1819Z1819Zh,0.0,40.10255854232122
PED5DS1801835Z9Z12Z,0.0,0.0017373157497329703
PED5DS18111Z1835Z9Z12Z,0.0,0.0017373157497331147
PED5DS1819Z1835Z9Z12Z,0.0,0.0017373157497331602
PEDS1801829Z12Z,0.0,0.001737315749732363
PEDS1801845Z9Z12Z15Z,0.0,0.0007418326535192112
PEDS18111Z1829Z12Z,0.0,0.0017373157497329015
PEDS18111Z1845Z9Z12Z15Z,0.0,0.0007418326535191839
PEDS1819Z1829Z12Z,0.0,0.0017373157497329694
PEDS1819Z1845Z9Z12Z15Z,0.0,0.0007418326535199748
PEDS1829Z12Z1835Z9Z12Z,9.100870264502666e-06,0.001747427830618303
PLDAGAT16018111Z1601,0.0,7.349123598023728
PLDAGAT16018111Z1602,0.0,7.349123598024174
PLDAGAT16018111Z18111Z1,0.0,7.3419292325710135
PLDAGAT16018111Z18111Z2,0.0,7.341929232570974
PLDAGAT16018111Z18111Z3,0.0,7.3419292325711
PLDAGAT16018111Z1819Z1,0.0,7.345154065325285
PLDAGAT16018111Z1819Z2,0.0,7.3451540653253575
PLDAGAT16018111Z1819Z3,0.0,7.345154065325223
PLDAGAT16018111Z1819Z4,0.0,7.345154065325124
PLDAGAT1601819Z1601,0.0,7.349123598023979
PLDAGAT1601819Z1602,0.0,7.349123598024331
PLDAGAT1601819Z18111Z1,0.0,7.341929232571266
PLDAGAT1601819Z18111Z2,0.0,7.341929232571
PLDAGAT1601819Z18111Z3,0.0,7.341929232571252
PLDAGAT1601819Z1819Z1,0.0,7.34515406532533
PLDAGAT1601819Z1819Z2,0.0,7.345154065325043
PLDAGAT1601819Z1819Z3,0.0,7.345154065324944
PLDAGAT1601819Z1819Z4,0.0,7.34515406532494
PLDAGAT1801819Z1601,0.0,7.34912159470552
PLDAGAT1801819Z1602,0.0,7.349121594705652
PLDAGAT1801819Z18111Z1,0.0,7.341927346911621
PLDAGAT1801819Z18111Z2,0.0,7.341927346911685
PLDAGAT1801819Z18111Z3,0.0,7.341927346911657
PLDAGAT1801819Z1819Z1,0.0,7.345152179665575
PLDAGAT1801819Z1819Z2,0.0,7.345152179665842
PLDAGAT1801819Z1819Z3,0.0,7.345152179665666
PLDAGAT1801819Z1819Z4,0.0,7.345152179666071
PLDAGAT18111Z18111Z1601,0.0,7.349121734603294
PLDAGAT18111Z18111Z1602,0.0,7.349121734603546
PLDAGAT18111Z18111Z18111Z1,0.0,7.341927478713924
PLDAGAT18111Z18111Z18111Z2,0.0,7.341927478713944
PLDAGAT18111Z18111Z18111Z3,0.0,7.341927478713989
PLDAGAT18111Z18111Z1819Z1,0.0,7.345152311467929
PLDAGAT18111Z18111Z1819Z2,0.0,7.345152311468012
PLDAGAT18111Z18111Z1819Z3,0.0,7.345152311468078
PLDAGAT18111Z18111Z1819Z4,0.0,7.345152311467851
PLDAGAT18111Z1819Z1601,0.0,7.349121734603411
PLDAGAT18111Z1819Z1602,0.0,7.349121734603683
PLDAGAT18111Z1819Z18111Z1,0.0,7.341927478713906
PLDAGAT18111Z1819Z18111Z2,0.0,7.341927478713658
PLDAGAT18111Z1819Z18111Z3,0.0,7.341927478713954
PLDAGAT18111Z1819Z1819Z1,0.0,7.345152311467991
PLDAGAT18111Z1819Z1819Z2,0.0,7.345152311468066
PLDAGAT18111Z1819Z1819Z3,0.0,7.345152311467903
PLDAGAT18111Z1819Z1819Z4,0.0,7.3451523114682615
PLDAGAT1819Z18111Z1601,0.0,7.349121734603659
PLDAGAT1819Z18111Z1602,0.0,7.349121734603467
PLDAGAT1819Z18111Z18111Z1,0.0,7.341927478713851
PLDAGAT1819Z18111Z18111Z2,0.0,7.341927478713779
PLDAGAT1819Z18111Z18111Z3,0.0,7.341927478713894
PLDAGAT1819Z18111Z1819Z1,0.0,7.345152311468094
PLDAGAT1819Z18111Z1819Z2,0.0,7.345152311468137
PLDAGAT1819Z18111Z1819Z3,0.0,7.345152311468126
PLDAGAT1819Z18111Z1819Z4,0.0,7.345152311467778
PLDAGAT1819Z1819Z1601,0.0,7.349121734603546
PLDAGAT1819Z1819Z1602,0.0,7.3491217346035835
PLDAGAT1819Z1819Z18111Z1,0.0,7.341927478713885
PLDAGAT1819Z1819Z18111Z2,0.0,7.341927478713747
PLDAGAT1819Z1819Z18111Z3,0.0,7.341927478713893
PLDAGAT1819Z1819Z1819Z1,0.0,7.345152311468078
PLDAGAT1819Z1819Z1819Z2,0.0,7.345152311467954
PLDAGAT1819Z1819Z1819Z3,0.0,7.345152311467878
PLDAGAT1819Z1819Z1819Z4,0.0,7.345152311467965
SQDGATCA18111Z160,5.487085795963048e-05,6.0967636903142525e-05
SQDGATCA1819Z160,0.0001649208166618432,0.00018324540278571376
SQDGATPA18111Z160,5.47687901202703e-05,6.085422816122372e-05
SQDGATPA1819Z160,0.00016461346567194152,0.00018290390159089127
SQDGS160,0.00011323162242341083,0.00012581294877772934
SQDGS18111Z160,0.00013201471388067613,0.00014668305619846116
SQDGS1819Z160,0.00042153129251819185,0.0004683682329966901
SQDGW3DS1839Z12Z15Z160,3.597688834269476e-05,3.9974331492981536e-05
SQDGW6DS1829Z12Z160,6.962194438363182e-05,7.735773748599741e-05
TAGAH16018111Z160,0.0,7.349062076507095
TAGAH16018111Z180,0.0,7.341869574475366
TAGAH16018111Z18111Z,0.0,7.341869574475218
TAGAH16018111Z1819Z,0.0,7.3450944072294595
TAGAH16018111Z1835Z9Z12Z,0.0,7.341869574475251
TAGAH16018111Z1845Z9Z12Z15Z,0.0,7.34186957447541
TAGAH1601819Z160,0.0,7.34906207650792
TAGAH1601819Z180,0.0,7.341869574475364
TAGAH1601819Z18111Z,0.0,7.341869574475298
TAGAH1601819Z1819Z,0.0,7.345094407229669
TAGAH1601819Z1835Z9Z12Z,0.0,7.341869574475152
TAGAH1601819Z1845Z9Z12Z15Z,0.0,7.341869574475559
TAGAH1801819Z160,0.0,7.349062076507748
TAGAH1801819Z180,0.0,7.341869574475121
TAGAH1801819Z18111Z,0.0,7.341869574475362
TAGAH1801819Z1819Z,0.0,7.345094407229496
TAGAH1801819Z1835Z9Z12Z,0.0,7.341869574475253
TAGAH1801819Z1845Z9Z12Z15Z,0.0,7.34186957447534
TAGAH18111Z18111Z160,0.0,7.349062076507986
TAGAH18111Z18111Z180,0.0,7.341869574475264
TAGAH18111Z18111Z18111Z,0.0,7.341869574475382
TAGAH18111Z18111Z1819Z,0.0,7.345094407229509
TAGAH18111Z18111Z1835Z9Z12Z,0.0,7.341869574475365
TAGAH18111Z18111Z1845Z9Z12Z15Z,0.0,7.341869574475339
TAGAH18111Z1819Z160,0.0,7.3490620765079795
TAGAH18111Z1819Z180,0.0,7.341869574475346
TAGAH18111Z1819Z18111Z,0.0,7.341869574475398
TAGAH18111Z1819Z1819Z,0.0,7.345094407229488
TAGAH18111Z1819Z1835Z9Z12Z,0.0,7.34186957447558
TAGAH18111Z1819Z1845Z9Z12Z15Z,0.0,7.341869574475372
TAGAH1819Z18111Z160,0.0,7.349062076507949
TAGAH1819Z18111Z180,0.0,7.341869574475346
TAGAH1819Z18111Z18111Z,0.0,7.3418695744754165
TAGAH1819Z18111Z1819Z,0.0,7.345094407229475
TAGAH1819Z18111Z1835Z9Z12Z,0.0,7.341869574475207
TAGAH1819Z18111Z1845Z9Z12Z15Z,0.0,7.34186957447535
TAGAH1819Z1819Z160,0.0,7.349062076508137
TAGAH1819Z1819Z180,0.0,7.341869574475352
TAGAH1819Z1819Z18111Z,0.0,7.3418695744756075
TAGAH1819Z1819Z1819Z,0.0,7.345094407229392
TAGAH1819Z1819Z1835Z9Z12Z,0.0,7.341869574475359
TAGAH1819Z1819Z1845Z9Z12Z15Z,0.0,7.341869574475333
TM16018111Z,3.5634170946918108e-06,3.959353428071016e-06
TM1601819Z,0.0003326049359173217,0.00036956114264009274
TM18111Z18111Z,3.4420344693583346e-06,3.824483806875473e-06
TM18111Z1819Z,4.393561297819937e-05,4.881736132398343e-05
TM1819Z18111Z,2.246442088247987e-05,2.496047458580383e-05
TM1819Z1819Z,0.0002289910980749502,0.0002544346241452784
UDPSQS,0.0006667776288222789,0.0007408642379729037
G3PD1,-999.996101832188,1000.0
G3PD2,-999.9961018321882,1000.0
1AGPEAT1801819Z,0.0,7.346355708329646
1AGPEAT1801829Z12Z,0.0,7.3418695744815325
1AGPEAT1801835Z9Z12Z,0.0,7.341869574498734
1AGPEAT1801845Z9Z12Z15Z,0.0,7.341869574498409
1AGPEAT18111Z1819Z,0.0,7.346355708338757
1AGPEAT18111Z1829Z12Z,0.0,7.341869574482061
1AGPEAT18111Z1835Z9Z12Z,0.0,7.34186957448008
1AGPEAT18111Z1845Z9Z12Z15Z,0.0,7.341869574478258
1AGPEAT1819Z1819Z,0.0,7.346355708339003
1AGPEAT1819Z1829Z12Z,0.0,7.341869574484995
1AGPEAT1819Z1835Z9Z12Z,0.0,7.341869574490457
1AGPEAT1819Z1845Z9Z12Z15Z,0.0,7.341869574494001
1AGPEAT1829Z12Z1835Z9Z12Z,0.0,7.3418695744884355
CDIPT18111Z160,8.887911086614718e-05,0.005578078493088089
CDIPT1819Z160,1.1964495693519784e-05,0.00550116387766402
CDPDAGS18111Z160,8.887911086614718e-05,0.005578078492642159
CDPDAGS18111Z160h,4.910495928587553e-05,5.456108104046933e-05
CDPDAGS1819Z160,1.1964495693519784e-05,0.00550116387750504
CDPDAGS1819Z160h,0.00032987880280343194,0.00036653210500486156
ETHAK,0.0003022826395974426,4.894881659390119
ETHAPT1801819Z,0.00013887073371583205,4.894718247492109
ETHAPT18111Z1819Z,0.00014977247574601653,4.894729149239715
ETHAPT1819Z1819Z,1.3639430135594087e-05,4.894593016197538
GPDDA2,0.0,2.0989586282834978
LPLPS1AGPE180,0.0,2.0989586282829786
LPLPS1AGPE18111Z,0.0,2.0989586282842536
LPLPS1AGPE1819Z,0.0,2.0989586282809958
LPLPS1AGPE1829Z12Z,0.0,0.0017373150455735494
PETHCT,0.0003022826395974427,4.894881659391705
PGD3TDS18111Z1613E,2.0807549547615295e-05,2.3119496553721867e-05
PGD3TDS1819Z1613E,2.0807549547615295e-05,2.3119496553553433e-05
PGD3TDS1829Z12Z1613E,0.00015552932205611388,0.0001728103358362508
PGD3TDS1839Z12Z15Z1613E,5.7055676935647506e-05,6.339518852307813e-05
PGPP18111Z160,0.0,0.0
PGPP18111Z160h,4.910495928587552e-05,5.4561058925955696e-05
PGPP1819Z160,0.0,0.0
PGPP1819Z160h,0.00032987880280343194,0.00036653195644454684
PGPS18111Z160,0.0,0.0
PGPS18111Z160h,4.910495928587553e-05,5.45610589259557e-05
PGPS1819Z160,0.0,0.0
PGPS1819Z160h,0.000329878802803432,0.0003665319564445468
PGW3DS1839Z12Z15Z160,9.119625982601393e-05,0.00010132916468225507
PGW6DS1829Z12Z160,0.0002807738435175564,0.0003119708975185911
PLPSA21801819Z,0.0,7.345093897881692
PLPSA21801829Z12Z,0.0,7.341869065132526
PLPSA21801835Z9Z12Z,0.0,7.342499037694332
PLPSA21801845Z9Z12Z15Z,0.0,7.342500393654091
PLPSA218111Z1819Z,0.0,7.345093897893903
PLPSA218111Z1829Z12Z,0.0,7.341869065129201
PLPSA218111Z1835Z9Z12Z,0.0,7.342499037688632
PLPSA218111Z1845Z9Z12Z15Z,0.0,7.342500393654234
PLPSA21819Z1819Z,0.0,7.345093897886347
PLPSA21819Z1829Z12Z,0.0,7.3418690651380585
PLPSA21819Z1835Z9Z12Z,0.0,7.342499037702712
PLPSA21819Z1845Z9Z12Z15Z,0.0,7.342500393660072
PLPSA21829Z12Z1835Z9Z12Z,0.0,7.341869065131508
PLPSD1801819Z,0.0,4.89457937674565
PLPSD1801829Z12Z,0.0,0.0
PLPSD1801835Z9Z12Z,0.0,0.0
PLPSD1801845Z9Z12Z15Z,0.0,0.0
PLPSD18111Z1819Z,0.0,4.8945793767505545
PLPSD18111Z1829Z12Z,0.0,0.0
PLPSD18111Z1835Z9Z12Z,0.0,0.0
PLPSD18111Z1845Z9Z12Z15Z,0.0,0.0
PLPSD1819Z1819Z,0.0,4.894579376757816
PLPSD1819Z1829Z12Z,0.0,0.0
PLPSD1819Z1835Z9Z12Z,0.0,0.0
PLPSD1819Z1845Z9Z12Z15Z,0.0,0.0
PLPSD1829Z12Z1835Z9Z12Z,0.0,0.0
SERDC,0.0003022826395974427,0.00033586955678686974
G3PD3,0.0,2.4536843225459797
DHAPT,0.0,0.0
GHMT,-1.6908762154643708,9.711494302607951
GLYATx,0.0,0.0
GLYCOR_nadp,-34.969046516065816,1000.0
SGAT,0.0,0.0
SPTA,-2.4496181727010167,34.96904651589678
THRA,-5.486934341763217,9.844476932538402
THRAL,-995.3314931314123,1000.0
2HGOR,0.0,0.0
SERR,-1000.0,995.3114341726132
THRAL2,-1000.0,995.3114341726116
AMO,0.0,0.0
AOBUTDxs,0.0,0.0
DHLDH,0.0,1000.0
GCLDH,0.0,4.965770793741297
GLYCDH,0.0,0.0
GLYDHD,0.0,1000.0
GLYPT,0.0,0.0
GLYTA,0.0,12.173322783361895
GLYTL,0.015082386077778395,7.35695145117373
GLYTLm,0.0,0.0
HSK,0.00035497228217898027,9.871267795511166
PGLYCPh,0.0,4.965770793762198
PGLYDH,0.0,14.683738130196867
PSAT,0.0,14.683738130255243
PSP,0.0,14.683738130255243
SERTL,0.0030164771970338368,7.344885542324829
THRS,0.0,9.870912823214807
THRTL,0.012065908880744559,7.353934973993692
THRTLm,0.0,0.0
GLYTAH,0.0,7.341869065082772
SERTAH,0.0,7.341869065092184
THRTAH,0.0,7.341869065084348
ASADH,0.0030165698062497408,9.873929393029728
ASPK,0.0030165698062497408,9.87392939301827
HSDH,0.00035497228217898027,9.8712677954942
A1E,-14.685092042352062,14.685092042352235
ENO,5.252519807283986,92.58715891990997
ENOf,0.0,0.0
ENOm,-92.24184267711006,-4.853044498522183
FBAf,0.0,0.0
FBAh,0.0,0.0
FBAm,0.0,0.0
G6PI,-1000.0,1000.0
G6PIh,-1000.0,1000.0
GAPDHf,0.0,0.0
GAPDHh,-30.559864535747696,1000.0
GAPDHm,0.0,0.0
PGCM,-1000.0,999.9479575028762
PGIA,-1000.0,1000.0
PGIAh,-1000.0,1000.0
PGIB,-1000.0,1000.0
PGIBh,-1000.0,1000.0
PGM,-14.31847368605665,35.43966207538191
PGMf,0.0,0.0
PGMm,0.0,0.0
PGMTh,-1000.0,999.9479575028756
PQQm,-10.232294743263667,0.0
ACP,0.0,14.683739148945062
ACPh,0.0,40.10255854230797
ALCDH_pqq_x,-9.242365998173602e-14,10.23229474325693
GAPDHi,0.0,40.71397720286527
GLUKA,0.0,14.685093061049228
GLUKAh,0.0,0.03206848059823889
GLUKB,0.0,14.685093061051765
GLUKBh,0.0,0.00489453
PFKh,0.0,0.0
PDHe2hr,0.0,10.537338922003329
PDHe2r,0.0,9.862101446219885
PDHam1hi,0.004790875561849212,10.782282703868903
PDHam1mi,0.0,9.882861907065086
PDHam2hi,0.0,10.537338922005079
PDHam2mi,0.0,9.862101446218578
PDHe3hr,0.0,10.537338922005064
PGKf,0.0,0.0
PGKh,-42.50819637138266,27.4301762739274
PGK,0.0,40.713977202880564
PGKm,0.0,0.0
TPIh,-15.52390807849265,-1.2185896051851466
PYK,5.237318870277398,92.57651759257492
PYKf,0.0,0.0
PYKm,0.0,14.6837391489457
PDCh,0.0,10.762147139855717
PDCm,0.0,9.505955895119817
PDHe3mr,0.0,9.862100859692928
CAT,0.0,3.314295208368003
HOXPRm,0.0,0.0
ATPCS,0.0,14.683738130246716
FKYNH,0.0,0.0
FORAMDx,0.0,0.0
FTHDF,0.0,14.683738130242059
FTHFL,0.00892020515425082,17.19742926066502
GLYCK,0.0,34.971711826050736
GLYCLTD,0.0,9.955479520396855
GLYDH,0.0,1000.0
HDAO10x,0.0,9.955479520396427
ICL,0.0,12.173322783364512
MTHFCx,0.0,9.614150177375775
PGLYCPx,0.0,3.635757318951057
RBCh,0.0,4.965770793755003
ACS,0.0,7.341869065155239
MALSh,0.0,0.0
MALSm,0.0,7.615434562680839
MALSx,0.0,3.6642804545604113
GDPMT,0.0,0.0
MM3,0.0,0.0
AOOA,-1.3407507526724383,-0.00017743981332923368
AOOAh,0.0,0.0
ADPART,0.00017743981333062913,1.340750660061623
ALDH_im4ac,0.0,0.0
AO,0.0,0.0
HDC,0.0,0.0
HDH,0.00017743981332923368,1.340750660065456
HDHh,0.0,0.0
HISTL,0.00017743981332923368,7.342046504954386
HP,0.0001774398133292337,1.3407506600650465
HPh,0.0,0.0
IGPD,0.00017743981332923365,1.3407506600601062
IGPDh,0.0,0.0
IMGPS,0.00017743981332923365,1.340750660060106
IMGPSh,0.0,0.0
PRACH,0.00017743981332923365,1.340750660060106
PRACHh,0.0,0.0
PRADP,0.00017743981332923368,1.340750660061588
PRADPh,0.0,0.0
PRICI,0.00017743981332923365,1.340750660061588
PRICIh,0.0,0.0
HISTAH,0.0,7.341869065142443
AMI3TP,0.0,0.0
AMITKP,0.0,0.0
AMITKPn,0.0,0.0
AMITP,0.0,0.0
AMITPn,0.0,0.0
IBPH,0.0,0.0
IBPHn,0.0,0.0
IPKK,0.0,0.0
ITK1K,0.0,0.0
ITKK,0.0,0.0
ITKPH,0.0,14.683738130272314
ITKPHn,0.0,0.0
ITKPK,0.0,14.68373813027138
ITPH,0.0,-4.3967823106927384e-14
MI1PP,0.0,0.0
MI3PP,0.00010084360655966696,0.013595470409572943
MI3PSA,0.0,0.013595470411318429
MI3PSB,0.0,0.013595470411549126
MI4PP,0.0,0.005489179366551559
MIBP,0.0,0.0054891793580139235
MIHKPP,0.0,0.0
MIOOR,0.0,0.01348342197202788
MITKP,0.0,0.0
MITP,0.0,0.005489179356253865
MITPn,0.0,0.0
MMSD,0.0,4.847780284327011
PAIL4PT18111Z160,0.0,0.005489179358213358
PAIL4PT1819Z160,0.0,0.005489179358273535
PAIL45PT18111Z160,0.0,14.683738130259346
PAIL45PT1819Z160,0.0,14.683738130236758
PAIL45PH18111Z160,0.0,14.683738130236758
PAIL45PH1819Z160,0.0,14.683738130236716
PAIL45ITPH18111Z160,0.0,0.005489179358024794
PAIL45ITPH1819Z160,0.0,0.005489179358153995
PAIL3PT1819Z160,0.0,0.0
PAIL3PT18111Z160,0.0,0.0
13HODEOR,0.0,0.0
13HPODEDH,0.0,0.0
LLOX13,0.0,0.0
LNLCCOADS,0.0,0.0
DAPAT,0.0026615975240707607,0.002957330205732332
DAPEP,0.0026615975240707607,0.0029573302057160603
DAPDC,0.0026615975240707602,0.0029573302057160603
DHDPS,0.0026615975240707602,0.0029573302057160594
DHPR,0.0026615975240707602,0.00295733020571606
LYSTLm,0.0,0.0
LYSTL,0.0026615975240707607,7.344530662626178
LYSTAH,0.0,7.341869065122176
COORr,-0.20309005120277424,0.0061648603593820964
MMAOR,0.0,0.0
ADSH,-1.7454533530106677,0.005779141263495602
ADSHm,0.001391083953884179,1.748791406113247
M5TRPH,0.0006350015194166613,1.7454429235753008
ACDO,0.0006350015194170014,1.7454429235753008
ACDO_co,0.0,0.0
ACPCS,0.0,1.7448079220558834
ACRS,0.0006350015194170014,1.7454429235753008
ACRSP,0.0006350015194170013,1.7454429235753008
AHAL,0.0,0.0
AHHST,0.0,2.077454802209837e-24
AHSL,0.0,0.0
CBL,0.0003549722821789798,0.0003944135966438347
CYSTS,0.0003549722821789798,0.00039441359663562354
DMT,0.0,0.0
M5TAP,0.0,1.7454429236132254
M5TRK,-1.0309425017012732e-19,1.5617120895149088
M5TRPI,0.0006350015194170012,1.7454429235752795
MAT,0.0,1.4143757642843784
MATm,0.0013912691723150649,1.7487915913053795
METTF,0.0,0.0
METTL,0.00035487967296307524,7.342223944792127
MOTA,0.0006350015194170015,1.7454429235763018
MS,0.0,0.0
METTAH,0.0,7.3418690651184155
AMCL,0.0,4.7623707738892704e-20
APAPT,0.0,4.762370773889271e-20
APAPTm,0.0,3.1395130478998706e-20
MTAN,0.0,1.5617120895156944
BDMT,0.0004513040368142689,0.005796031306466949
DOLASNT,0.00045130403681426895,0.005796031306427564
DOLDPP,0.000451304036814269,0.005796031306427564
DOLPGT1,0.00045130403681426895,0.005796031306427882
DOLPGT2,0.00045130403681426895,0.005796031306427882
DOLPGT3,0.0004513040368142689,0.005796031306427882
DOLPMT,0.0018052161472570756,0.02318412522571153
DOLPMT1,0.00045130403681426895,0.005796031306427882
DOLPMT2,0.00045130403681426895,0.005796031306427882
G12MT1,0.0004513040368142689,0.005796031306427882
G12MT2,0.0004513040368142689,0.005796031306427882
G12MT3,0.00045130403681426895,0.005796031306427882
G12MT4,0.00045130403681426895,0.005796031306427882
G13MT,0.0004513040368142689,0.005796031306427882
G16MT,0.0004513040368142689,0.005796031306427882
GLCNACPT,0.0004513040368142695,0.005796031306427882
GLCNACT,0.0004513040368142696,0.005796031306427882
MG1A,0.0,0.005796031306427867
MG1B,0.0,0.005796031306427867
MG2A,0.0,0.005796031306427881
MG2B,0.0,0.005796031306427881
MG3A,0.0,0.005796031306427882
MG3B,0.0,0.005796031306427882
MM1,0.00045130403681426895,0.005796031306386145
MM2,0.00045130403681426895,0.005796031306386145
UDPDOLPT,0.0013539121104428067,0.017388093919158437
ANNA,0.00010552820152202794,7.3419745933183345
ANNAn,0.0,0.0
ANNAT,-0.033839613448377,7.341879391047912
ANNATn,0.0,0.0
NAPT,-1.1473251398465113e-05,0.033839613447084145
NNOR,-1000.0,3.6015031157885273
NRPH,0.0,14.683738130243125
AN2PT,0.0,2.299795191456325e-05
DNGAL,0.0,0.033955467581724526
DNGALh,0.0,0.0
DNNH,0.0,7.341869065105226
N2PH,0.0,2.2997952349480472e-05
NAAH,0.0,0.0
NADS1,0.0,0.0339554675753964
NARP,0.0,0.0
NPH,0.0,7.341869065116651
NRS,0.0,14.683738130226494
ASPO2m,0.00010552820181509487,0.03395546757571469
QULNS,0.00010552820181509487,0.03395546757582446
NNDPR,0.00010552820181509487,0.03395546757582447
AMID,0.0,0.0
CPS,0.0,0.0
FORA,0.0,0.0
GLUS_nadph,0.0,68.74720326987777
GLYS,0.0,1000.0
NITR,0.0,2.260757164550682
NITR_NO,0.0,0.6907793402990607
NO2R,0.0,1.7804393760449855
NODOx,0.0,1.1496263038360317
NODOy,0.0,1.149626303834338
URCBm,0.0,1.4794055046250756
HISD,0.0,1.340573220246644
HYNE,0.0,1.340573220245633
OGMG,0.0,1.3405732202456329
URCN,0.0,1.3405732202456329
A2GALT1,0.0,0.0
A2GALT2,0.0,0.0
A2GALT3,0.0,0.0
A2GALT4,0.0,0.0
A2GALT5,0.0,0.0
A2GALT6,0.0,0.0
A3GALT1,0.0,0.0
A3GALT2,0.0,0.0
A3GALT3,0.0,0.0
A3GALT4,0.0,0.0
A3GALT5,0.0,0.0
A3MT,0.0,0.0
A4GALT,0.0,0.0
B2ARAT1,0.0,0.0
B2ARAT2,0.0,0.0
B2ARAT3,0.0,0.0
B2ARAT4,0.0,0.0
B2ARAT5,0.0,0.0
B4ARAT,0.0,0.0
B5ARAT,0.0,0.0
G6MT1,0.0,0.0
G6MT2,0.0,0.0
PROAKGOX1,0.0,0.0
FPGFTh,0.0,0.0
FPGFTm,0.0,0.0
MDUMT,5.653449976900073e-05,6.281610285583933e-05
METSm,0.003693128890991565,0.007525197499528866
MTAM_nh4,0.0,1000.0
MTHFOR_nadp,-9.614150177367618,-9.216189556576386e-30
DHFR2i,0.0,6.281610277898862e-05
DHFRi,0.0,6.28161027789646e-05
FGFTh,0.0,0.0
FGFTm,0.0,0.0
FOLR2,0.0,0.0
FTAL,0.0,0.0
FTCL,0.0,-7.713504940940898e-14
FTHFO,0.0,5.917622018642415
MTAM,0.0,-1.6916575571402844e-13
MTHFO,0.0,0.007525197499183156
MTHFO_nadp,0.0,0.007525197499258327
ATPSm,0.0,68.1010126851683
CCP2m,0.0,9.96351611486331
CYOO6m,0.0,9.955479520396826
CYOR_q8_m,0.0,19.91899563525968
IDPh,0.0,20.16380148790506
IDPm,0.00010552820135000902,1.747505850346759
NADHOR,0.0,21.240950297395404
NADHOR_2m,0.0,21.240951314075303
NADHOR_2h,0.0,-9.669379510219226e-20
IDP,0.26735233365310607,14.951091482603932
2DHPFALDL,0.0,0.0
ACPS1,0.0,0.0
ACPS1h,0.0,0.0
APPAT,0.0,1.6997507523636184e-17
BCTA_val_m,0.008694551964443038,0.07153555512667996
PNORm,-8.118812562063698e-17,0.0
PNORn,0.0,0.0
ACPS1m,0.0,0.0
ADCPT,4.0594062810318485e-17,4.059406281031848e-17
APCPT,0.0,0.0
APNPT,0.0,0.0
APPT,4.059406281031848e-17,4.059406281031848e-17
CYSCL,4.059406281031848e-17,2.029703140515924e-17
DMHL,0.008694551964443084,2.7143977757390303
DMORh,0.0,2.296798117933157
DMORm,5.94378239330956e-18,2.7143977757389064
MTMOHT,3.45507979342778e-17,2.1656160529087085e-17
PBALm,4.059406281031849e-17,1.6085611890289513e-15
PPATDh,0.0,2.2967981179330157
PPATDm,0.0,2.7143977757389965
PPCL,0.0,0.0
PPCL_CTP,0.0,0.0
XU5PDPT,0.0,0.0
GLCUR1PUT,0.0,14.683739148950982
PPM,0.0,0.0
PPMh,0.0,0.0
RPDPK,0.00017743981332923373,0.00019715540294955894
TAh,0.6531911481007671,14.036773990788523
DRBK,0.0,0.0
G6PADH,0.0,13.383582657469328
G6PADHh,0.0,0.0
G6PBDH,0.0,0.0
G6PBDHh,0.0,13.367518577725189
GNKh,0.0,0.0
PGDH,0.0,0.0
PGDHh,0.0,13.383582657469159
PGLh,0.0,13.383582657469708
RBK,0.0,4.894579376749967
RPEh,-12.89666409691653,-1.128113087623021
RPIh,-0.32003414296318805,6.4359356315408425
TKT1h,-6.445670450934193,-0.5613949462874808
TKT2h,-6.4509936459823525,-0.5667181413355987
RPE,0.0,0.0
CHRM,0.005145755234812286,0.055920664297882866
DQDH,0.005323195048141521,0.05609810411120815
POAT,0.0,0.005520349765404191
POATh,0.0,0.0
POATm,0.0,0.0
PRAI,0.0001774398133292337,0.0001971553230396441
PSCIT,0.00532319504814152,0.05609810411115873
SKDH,0.0053231950481415205,0.05609810411121201
TYRTA,-1000.0,1000.0
TYRTAh,0.0,0.0509523488779779
TYRTAm,-1000.0,1000.0
ANTPPT,0.0001774398133292337,0.00019715532303973352
ATNS,0.0,0.0001971553230395358
ATNS_nh4,0.0,0.00019715532303954451
CHRS,0.005323195048153013,0.05609810411097044
DHQS,0.005323195048153016,0.05609810411102869
DPHS,0.005323195048153015,0.056098104111028675
G3PL,0.0,0.00019715532303958406
IGPS,0.0001774398133292337,0.00019715532303947312
PHETLm,0.0,0.0
PPDH,0.0,0.005520349765399055
PPOR,0.0,0.05095234887600113
SERH,0.0,0.00019715532303919597
SKK,0.005323195048153014,0.0560981041107478
TRPS2h,-2.370999681408647e-20,0.00019715532303928975
TRPTL,0.00017743981332923368,7.342046504934955
TYRTL,0.00017743981332923368,7.342046504936539
AROAT,0.0,0.005520349765398518
AROATh,0.0,0.055920664297913335
AROAT2,0.0,0.005520349765394272
AROAT2h,0.0,0.05592066429794618
AROORh,0.0,0.05095234887565198
AROHL,3.4022940579527737e-19,0.00552034976539528
AROHLh,0.0,0.005520349765402496
PHETL,0.0049683154214830525,7.346837380545728
PHETAH,0.0,7.341869065122764
TRPTAH,0.0,7.341869065122764
TYRTAAH,0.0,7.34186906512254
ATPSh,5.424298472412399,14.672698923398208
CBFC,10.849994649830126,25.533733798783118
CEF,0.0,18.494899990311556
FNORh,10.849994649830125,25.533733798783178
PSIblue,0.0,0.0
PSIIblue,0.0,0.0
PSIred,10.849994649830524,29.344895658848394
PSIIred,5.424997324915317,12.766866899391559
SUCDHh,0.0,999.9718077145319
PTOR,0.0,3.6709345325663763
ABOR,0.0,3.6709345325608402
AGDI,0.0,2.447289688373694
AGDIn,0.0,0.0
ARDC,0.0,2.447289688377451
CMPA,0.0,2.4472896883774506
ORDC,0.0,3.67093453256595
ORDCh,0.0,0.0
CHLADMT,0.0,0.0
CHLAE,0.0,0.0
CHLDADMT,0.0,0.0
CHLDAO,0.0007661973886436449,0.0008513303234268915
CPP1O,0.0,0.0
CPP3O,0.0,0.0
DVCHLDR,0.0,0.0013701288746638123
DVPCHLDR,-5.2246775972821665e-20,0.001370128874669893
G1SAT,0.009864929153656329,0.05910120461236115
HEMELh,0.0,0.0
HEMELm,0.0,0.0
MPMT,0.001233116144207041,0.0013701288746636655
PC2D,0.0,0.0
PHPHBDDMC,0.0,0.0
PPBNGD,0.001233116144207041,0.007387650576328787
TFENFEOR,0.0,0.0
UPP1R,0.0,0.0
UPP3O,0.0,0.0
APOFETNs,0.0,0.0
BILIRED,0.0,0.0
CHLASE,0.0,0.0
CHLASG,2.688633607594402e-20,0.0005187985512364197
CHLASP,0.0,0.0005187985512350256
CHLBSG,-5.773716263461002e-21,0.0008513303234289546
CHLBSP,0.0,0.0008513303234275462
CPPPGO,0.0,0.007387650576328787
DVPCHLD450OR,0.0,0.0
DVPCHLD646OR,0.0,0.0013701288746762303
FCLT,0.0,0.00615453443231398
FE2TFENR,0.0,0.0
FERO,0.0,0.0
GGCHLDAR,0.0,0.0005187985512338179
GGCHLDBR,0.0,0.0008513303234298922
GLUTRR,0.009864929153656329,0.059101204611920956
GLUTRS,0.009864929153656329,0.05910120460973472
HEMEASm,0.0,0.0
HEMEOSm,0.0,0.0
HOXG,0.0,0.0
MPMECY1,0.0012331161442070409,0.0013701288746621604
MPMECY2,0.0012331161442070409,0.0013701288746682193
MPMECY3,0.0012331161442070409,0.0013701288746682196
MPML,0.0012331161442070409,0.0013701288746682198
PCHLD450OR,0.0,0.0
PCHLD646OR,0.0,0.0013701288746661333
PCHLDR,0.0,0.0
PPBNGS,0.004932464576828164,0.029550602305975324
PPPGO,0.0012331161442070409,0.007387650576277641
SHCHF,0.0,0.0
UPP1S,0.0,0.0
UPP3MT,0.0,0.0
UPP3S,0.0012331161442070409,0.007387650576277642
UPPDC1,0.0012331161442070409,0.007387650576277642
UPPDC2,0.0,0.0
HCHLDAOR,0.0,0.0
CPPPGOR,0.0,0.0045998579059842604
PHYTOLK,0.0,0.0
HOXGh,0.0,0.0061545344320823574
PCBOR,0.0,0.006154534432113669
ACCAHh,-5.470077938053542,1.7448079220610404
ACCAHm,9.107110311431998e-19,5.470077557327609
APAT,-1000.0,-0.001391269172319336
APPTh,0.0,1.7474003221602181
APPTm,0.0,1.7474003221600565
HPCOR,-5.468686668886181,2.0539734718487995e-16
HPHL,-5.468686668886411,0.0
HPHLm,0.0,0.0
OCDOR,-5.468686668886411,0.0
PACPT,-1000.0,-0.0013912691723142212
PCNO,-5.689882459698473e-19,5.468686288154511
PCNOn,0.0,0.0
HICH,0.0,0.0
MCDC,0.0,5.460100430325323
PCFPTh,0.0,5.470077557326189
PCFPTm,0.0,5.470077557306121
PCPPTh,0.0,1.7474003221604653
PCPPTm,0.0,1.7474003221605567
PPACOAL,0.0,1.414562165558201
PPACOALh,0.0,1.7474003221611991
PPACOALm,0.0,999.9986087308281
PS_asn_L_c,0.000451304036814269,0.005796031306444592
AIAL,0.004366219708372309,1.4837717243256536
APPRT,-0.03998507390567672,4.895214378263805
ATAH,0.0,1.4794055046208687
DAMPH,0.0,14.683738130250335
DMPH,0.0,14.683738130213264
FPAIF,0.004543659519945237,1.4839491641358056
FPGFT,0.004376545634248072,1.4837820502536296
GBDP,0.0,4.894579376743539
GDTP,0.0,4.894579376752825
GPAR,-7.341869574479239,4.894579376752824
HPRT,-1.4821257260937888,4.894579376746019
ICH,0.004543659520380106,1.4839491641406553
PRAIC,0.0043662197066468905,1.4837717243254025
PRAICh,0.0,0.0
UGAH,-0.0677001257101004,1.4794055046182695
XPPRT,-1.479405592599138,7.344589198614961
URDGLYCAH,-0.06770012570962489,1.4794055046209853
AAL_fum,0.0018235260258604828,14.685561656291773
AASP,0.0,14.683738130246452
AASPh,0.0,0.0
AASPm,0.0,0.0
ADATT,0.0,0.0
ADEC,0.0,7.341869065131279
ADECn,0.0,0.0
ADEDA,0.0,0.0
ADNDA,0.0,3.670934532574259
ADNK,0.0,14.68373813027587
ADNKm,0.0013809432446488061,1.7487812654041275
ADPA,0.0,14.683738130264285
ADRH,0.0,4.894579376760714
ADSS,0.001823526025774475,14.685561656257045
ADSSh,0.0,0.0
AGPOP,0.0,14.683738130243407
AGPOPm,0.0,14.683738130242013
AGPT,0.0027201334942138994,14.686458263765868
AMP5N,0.0,14.684373316957027
AMPD,0.0,14.683738130232861
APATT,0.0,0.0
APN,0.0,7.3418690651217675
APNn,0.0,0.0
ARDP,0.0,0.0
ATAH_co2,0.0,1.4794055046181585
ATAM,0.22986848025920165,14.913606610501985
ATAMh,0.010042368966986166,20.077461418694433
ATAMm,0.0,1.7474003221624548
ATDAM,0.0,0.0
ATDAMh,0.0,0.0
ATDAMm,0.0,0.0
ATDGD,0.0,14.683738130232195
ATDGDm,0.0,68.74730405753978
ATDGM,0.0,14.683738130279611
ATGD,0.0,14.69224273855172
ATGDm,0.0,1000.0
ATID,0.0,14.68373813027274
ATIDm,0.0,0.0
ATNAH,0.0,1.4794055046201535
ATPPH,0.0,14.68373813024596
ATPPHm,0.0,68.74720326992094
ATS,0.0,1.4794055046204266
BPNT,0.0,4.894579376753283
BTP,0.0,0.0
BTPS,0.0,0.0
DAOTO,5.6495326070672904e-05,6.277257653023112e-05
DAPOP,0.0,14.683738130257417
DGOTO,0.0001007875820661548,0.00011198618803624675
DGTD,0.0,14.683738130254383
GCPN,0.0,7.341869065121045
GCPNn,0.0,0.0
GDPA,0.0,14.683738130259567
GMP5N,-1.7781374245849146e-15,4.894579376751894
GMPS,0.0,7.344589198622389
GMPS_glu,0.0,4.8963927990882254
GMPS_glu_m,0.0,0.0
GMPSm,0.0,0.0
GTPA,0.0,14.683738130268365
GTPDPK,0.0,4.894579376746013
GTPOP,0.0,14.692242738525305
GTPOPm,0.0,14.68373813025869
GUAC,0.0,7.341869065132521
GUACn,0.0,0.0
GUAD,0.0,7.341869065135823
HIUH,0.0,1.4794055046218522
I5NT,0.0,4.894579376750431
IDPA,0.0,0.0
IMPD,0.0,1.482125638116423
IMPDm,0.0,0.0
ISRH,0.0,4.894579716316933
ITPA,0.0,14.6837391489509
ITPP,0.0,0.0
NDPK,0.0,14.683739148950634
NDPKm,0.0,68.74726279047944
NTDP,0.0,7.341869574475342
NTPD,0.0,0.0
PAPSTYRST,0.0,0.0
PPRGL,0.004376545634252892,1.483782138232882
PPRGLh,0.0,0.0
PRAIS,0.004366219706679486,1.4837718123053025
PRAISh,0.0,0.0
PRDPAR,0.004376545634252892,1.4837821382328755
PRFGCL,0.004376545634252892,1.4837821382328757
PRFGCLh,0.0,0.0
PRFGS,0.004376545634253412,1.4837821382328757
PRFGSh,0.0,0.0
R5PDP,0.009536558928275101,4.904116275245394
RSPN,0.0,4.894579716316796
SUAT,0.0013897800926228412,7.343259354567857
URO,0.0,1.4794055925986498
X5NT,0.0,4.894579716316903
XANDH,0.0,1.4821257260928913
XNDH,0.0,1.4794055925986977
XTSNRH,0.0,4.894579716317044
ATAMf,0.0,0.0
AGPTf,0.0,0.0
URO2,0.0,1.4794055925986649
URIH,0.0,4.894579716316828
INSH,0.0,4.894579716316644
DGSNPT,0.0,14.683739148950814
DAD2PT,0.0,14.683739148950746
DCYTPT,0.0,14.6837391489508
DHR,0.004231717832178423,4.852012193725077
DHRO,0.004231717832178424,4.852012193725134
DHROm,0.0,0.0
ORPRT,-4.852012193725114,-0.00423171783217679
UPRT,-4.894579716317156,4.847780475892999
ASPCT,0.0,0.0
ASPCTm,0.004231717832178424,4.85201219372541
ATCD,0.0,14.692202507586266
ATCDm,0.0,0.0
ATCM,0.0,14.692303366060742
ATCY,0.0,14.683739148950831
ATDCD,0.0,14.683739148950478
ATDCDm,0.0,68.74730715362811
ATDCM,0.0,0.0
ATDTD,0.0,14.683739148950933
ATDTDm,0.0,68.74726282965402
ATDTM,5.653449976900071e-05,14.683795683450457
ATDUD,5.653449976900071e-05,14.683795683450654
ATDUDm,0.0,0.0
ATUD,0.0,14.683739148950654
ATUDm,0.0,68.78564398667959
AUPT,0.0,14.683739148950592
CDDA,0.0,7.350383362348142
CDPPH,0.0,14.683739148950451
CMP,0.0,68.74720629515332
CSDA,0.0,2.940153344939197
CTPH,0.0,14.683739148950469
CYRH,0.0,2.940153344939215
DATCY,0.0,68.747206295153
DATUP,0.0,68.74720629515315
DCAH,0.0,0.0
DCDT,0.00010085847442093002,0.00011206500273105297
DCMAH,0.0,0.0
DCMP,0.0,14.683739148950965
DCTCP,0.0,68.74720629515326
DCTUP,0.0,68.7472062951565
DGTCY,0.0,68.74720629515399
DGTUP,0.0,68.74720629515369
DTMPK,0.0,7.3418695744754485
DTNH,0.0,68.7472062951536
DTPH,0.0,14.683739148950991
DTTGY,0.0,68.7472062951537
DTTUP,0.0,68.74720629515369
DUDT,5.653449976900071e-05,6.281612831630356e-05
DURIK1,0.0,14.683738130249099
DUTCP,0.0,14.683738130249385
DUTNH,5.653449976900072e-05,7.341925599624224
DUTUP,0.0,14.683738130249145
GTCY,0.0,14.683738130249548
GTUP,0.0,14.683738130249164
HCGAL,0.0,2.7015885333518708
HCGALm,0.0,4.874014541867899
ITCY,0.0,14.68373813024826
ITUP,0.0,14.68373813024912
NTD1,0.0,14.683738130249155
ORPDC,0.004231717832178424,4.852012002144279
TDSR,0.00031467588232675847,0.0003496398247321077
TDSRh,0.0,7.341869065117129
TMDK1,0.0,14.683738130249417
TPH,0.0,14.683738130249338
UDPGP,0.0,14.683738130249427
UMPK,0.004683021868992701,14.69688451075382
UMPP,0.0,68.74720326991905
UPH,0.0,14.683738130249418
UTAL,0.0,7.353094565952425
UTCY,0.0,68.7472032699188
UTGAL,0.0,4.902063043968305
UTPH,0.0,68.74720326991832
UTPPH,0.0,14.683738130249063
UTUP,0.0,68.74720326991837
ATCMf,0.0,0.0
ATDCMf,0.0,0.0
UMPKf,0.0,0.0
ACKrh,-61.68821913765804,40.22837934128699
ACKrm,-40.231269272622654,61.6853315717191
ASPAT,-1000.0,1000.0
LALDD2,0.0,0.0
LDHm,-19.984229528680196,0.0
LLDHh,0.0,0.0
LLDHm,-19.918995635260046,0.0
PTArh,-40.22838330804204,61.68821753628335
PTArm,-61.68533317308921,40.231265305845945
ACACT,0.0,3.1417649700189245
ACALD,0.0,10.232294280204805
ACALDh,0.0,13.639897814028448
ACCOAhi,0.0,6.063944699407018
ACDHi,0.0,9.208632445743513
ACDHmi,0.0,10.232294280212638
ALCDH_nadp_hi,0.0,5.374374216694328
ALCDH_nadp_i,0.0,9.208632445745204
ALCDHi,0.0,9.208632445744167
ALCDHmi,0.0,6.717967770862117
ALDDH,0.0,10.232294280214047
ALDDHm,0.0,9.32149156053422
APhi,0.0,40.102555733169794
D_LACDHm,0.0,19.918995635260043
GLYOXm,0.0,0.0
IPPSh,0.0,0.06284081794343155
LALDD1,0.0,0.0
LGTHL,0.0,0.0
LLDH_ferr_m,0.0,19.91899563526006
LLDH_ferr_x,0.0,0.0
PFLACTm,0.0,9.828180774581853
PFLh,0.0,9.828180774581737
PYRDC,0.0,9.505955157809979
PYRShi,0.0,10.537338285821095
HYDAh,-2.482885694873784,7.054149496067019
HYDA,0.0,0.0
HYDAm,0.0,2.4828853968729874
CRETINOLOR1,-999.9999999519436,1000.0
CRETINOLOR2,-1000.0,1000.0
TRETINOLOR1,-1000.0,1000.0
TRETINOLOR2,-999.9999999999999,1000.0
BATHORHODOPSINI,0.0,1.9037079903007442e-30
CAROMO,0.0,2.6674605450012513e-08
CRETINOLPMTACT,0.0,0.0
LUMIRHODOPSINI,0.0,0.0
METARHODOPSINH,0.0,0.0
RETACIH,0.0,5.339621328033355e-08
RETINOLACACT,0.0,5.33962132801638e-08
RETINOLSAT,0.0,0.0
RETPALMIH,0.0,5.3396213280163746e-08
RHODOPSINI,0.0,0.0
RHODOPSINRT,4.805662334015817e-08,5.3396213280162165e-08
TRETINOLPMTACT,0.0,5.3396213280162165e-08
DBRC,0.0,0.0
AFAT,1.0325927573405069e-05,1.1473245365624752e-05
ARPT,1.0325927573405069e-05,14.683745909161873
ARZS,0.0,0.0
AUNOR,1.0325927573405067e-05,1.1473245365644572e-05
AUS,1.0325927573405067e-05,1.1473245365624213e-05
DHPAH,1.0325927573405067e-05,1.1473245365624211e-05
DLDLBT,2.0651855146810134e-05,2.2946490731248426e-05
GTPDH,1.0325927573405067e-05,1.1473245365624211e-05
NNPRT,0.0,0.0
R5PFL,2.0651855146810137e-05,2.2946490731248426e-05
R5PPH,0.0,14.683735583235109
RIBFS,1.0325927573405069e-05,1.1473245365636815e-05
ACSERL,0.0,13.740715379515564
ACSERLh,0.0,0.0
ACSERLm,0.0,0.0
SEAHCYSHYD,0.0,0.0
ACHMSSELCYSL,0.0,0.0
ACHMSSELCYSLh,0.0,0.0
PHOMSELCYSL,0.0,0.0
PHOMSELCYSLh,0.0,0.0
SELCYSLY2,0.0,13.7407153795292
SELCYSTL,0.0,0.0
SELCYSTLh,0.0,0.0
SELTORc,0.0,0.0
SELTORm,0.0,0.0
SUCHMSSELCYSL,0.0,0.0
SUCHMSSELCYSLh,0.0,0.0
SECYSTL,0.0,0.0
SLCS,0.0,0.0
SLDK,0.0,0.0
PRISM_solar_litho,0.0,0.0
PRISM_solar_exo,0.0,0.0
PRISM_incandescent_60W,0.0,0.0
PRISM_fluorescent_warm_18W,0.0,0.0
PRISM_fluorescent_cool_215W,0.0,0.0
PRISM_metal_halide,0.0,0.0
PRISM_high_pressure_sodium,0.0,0.0
PRISM_growth_room,0.0,0.0
PRISM_white_LED,0.0,0.0
PRISM_red_LED_array_653nm,0.0,0.0
PRISM_red_LED_674nm,0.0,0.0
PRISM_design_growth,33.9942281386305,79.99999999999999
SGOR,0.0,6.91581751042856e-24
3DSPHR,0.0,6.915817510428562e-24
PSPHS,0.0,0.0
SERPT,0.0,6.915817510428562e-24
SGPL11,0.0,0.0
SGPL13,0.0,0.0
SLCBK1,0.0,0.0
SPHK21,0.0,0.0
SPHINGSAT,0.0,7.3490602936539435
SPHGNAT,0.0,7.349060293649226
DHCERAH,0.0,7.349060293649715
CERAH,0.0,7.349060293649672
DHCEROR,0.0,0.0
PHYCERAH,0.0,0.0
UGE,-0.013483427437058262,-1.3016101909490748e-18
AATHA,0.0,7.341867791618304
AATHB,0.0,7.341867791626442
ABFPT,0.0,14.683735583252771
ABFPTh,0.0,0.03206821186086687
BFFS,0.0,14.683735583249394
SAGH,0.0,7.34186779162591
SPP,0.0,7.341867791621764
THP,0.0,7.341867791621764
UFAGT,0.0,14.683735583243664
UG6PGT,0.0,7.341867791620884
UG6PGTn,0.0,0.0
UGDC,0.012135081320016785,0.01348341488230887
UGDH,0.0,0.013483414882228194
UG1PUT,0.0050877461616122685,14.717095483343021
GLPThi,0.04450748596221906,0.1175135051489415
STARCH300DEGR2A,0.0,0.0
STARCH300DEGR2B,0.0,0.0
STARCH300DEGRA,0.0,6.52604e-05
STARCH300DEGRB,0.0,6.52604e-05
STARCH300S,0.0001483582865407305,0.0003917116838290673
PAPSPHENST,0.0,4.894578527749662
TSULe,-1.6992576254502683,0.0
TSULc,-9.768298820381757e-08,-9.260921590497821e-08
ARSO4SH,0.0,4.894578527750955
BPNT2,0.0,14.683735583252867
SULO,0.0,7.341867791625026
SULOm,0.0,7.341867791629758
SULR_ferr,0.0007230024638015782,2.8203083518928573
SULRi,0.0,0.0
ACONT,-1000.0,1000.0
ACONTx,0.0,0.0
AKGDHe2r,0.0,4.894578527745796
SUCL_gdp_m,0.0,1000.0
AKGDHmi,0.0,4.894578527746446
CS,0.0,14.746302875656934
CSm,0.0,14.746302875716424
CSx,4.606620219272743e-16,3.6642801145489012
ICDHm,0.0,34.97170599749756
MDH_nadp_fi,0.0,0.0
ICDH_nad,0.0,1000.0
PCr,0.0,68.74719785558207
MDHf,0.0,0.0
MDHh,-1000.0,20.20740370700139
MDHm,-45.97032193071736,61.01753412136333
MDHx,-3.664280454563541,0.0
ACONTm,-1000.0,1000.0
FUMm,-0.022582623607039165,14.711927868705954
ICDH,-1000.0,4.95714582023993
ICDHhr,-0.03384993937592711,0.0
SUCLm,-1000.0,0.0
SUCDH_q8_m,-1000.0,12.173077186162143
SUCDHm,0.0,1000.0
PPCKm,4.853044278540408,92.24184792497465
PPCK,0.0,14.683739148949652
DEDOLDPS,0.0,-7.120643701047269e-19
DEDOLDPSAT,0.0,-5.052454070975328e-19
TTCGGDPS,0.0,-5.05245407097533e-19
SPPS1,0.0,0.00383208258732119
SPPS2,0.0,0.003832082587233095
AMPMPFL,1.032592757340507e-05,1.147325604870164e-05
AMPMPPT,1.0325927573405069e-05,1.1473256048702664e-05
TTS,1.0325927573405067e-05,1.1473256048702662e-05
ADPEMTCH,1.0325927573405069e-05,1.1473256048702662e-05
AMPMPPMT,1.0325927573405069e-05,1.1473256048702664e-05
MHETK,0.0,0.0
TMDPT,0.0,0.0
THMPPPT,0.0,0.0
TMDPH,0.0,0.0
1ACPCth,-5.470077938052851,1.7448080255405904
23DHMBth,-2.2967981179327857,0.06284100316150827
23DHMPth,-2.473958414214535,0.0
2PGLYCth,0.0,3.635757755156641
2PGth,0.0,0.0
3C3HMPth,-0.0628410031622611,0.0
3MOBth,-0.06284100316221815,0.06284100316286247
3PG_pi_thr,-41.18192422632537,14.318473686226154
4ABUTth,-1000.0,0.0
5MTAth,0.0,0.0
6PGLthr,0.0,13.383583593864717
ACCOAth,-40.44364926245102,61.769872658373586
ACth,-61.68821913765769,40.228383308054575
AIRth,0.0,0.0
AKG_na_th,-1000.0,1000.0
AKGMALth,-1000.0,1000.0
ALABth,0.0,0.0
AMETAMth,0.0,0.0
AMETt2h,-0.00506519873147914,-0.001233116144207041
AMPth,1.4303411959320608e-14,1.6862233784069268e-15
ASPNA1th,-1000.0,1000.0
ASPSAth,-0.0029573314043903915,-0.0026615975240707602
ASPth,-1000.0,1000.0
CMPth,-0.04264986316475405,-0.008161090863846907
COAth,-5.339623493894222e-08,5.4726699574247775
CTPth,0.008161283090340348,0.0426497373542803
CYSth,-7.342233599184714,14.683370285087767
DHAP_pi_thr,-2.453789596029979,-0.00010552820153249876
DMPPth,-0.005856357118292214,0.005856343139536821
ETOHth,-5.374373707294824,0.0
FA160h,-0.022765745458704405,0.85919066294928
FA1619Zh,0.0,0.0
FA180h,-0.013676990439947419,0.004588249918028171
FA18111Zh,0.0024834199529656623,0.007972573334272487
FA1819Zh,-0.003583145164260373,0.010452157685610544
FADH2th,-999.971807714546,0.0
FADth,2.9132494753801686e-13,999.9718077145438
FRDPth,-0.00554147180547694,0.00034985680935615984
G1P_pi_th,-999.9554925140377,999.9949122538385
G3P_pi_thr,0.0,40.71396649726692
G6PA_pi_th,-1000.0,1000.0
G6PB_pi_th,-1000.0,1000.0
GALth,-0.04998685182549631,2.6029628517033446e-19
GLNth,-14.7132446159026,68.74719785557713
GLYCLTth,-4.96576983166361,0.0
GLYCth,0.0,0.0
GLYNA1th,-1000.0,1000.0
GLYth,-1000.0,1000.0
GRDPth,-0.005856343139555677,0.005856343139379321
H2Oth,-80.20510100600687,0.0
H2th,-7.054148146479325,2.4828849158347457
HCYSth,-0.00039441338925716684,-0.00035497228217898054
HGENTISth,0.0,0.003832050473997864
HISth,0.0,0.0
ILEth,-2.1205352940710904,0.0
IMPth,0.0,0.0
IPDPth,0.0,0.017569029418764814
LEUth,0.0,0.0
LNLCth,0.0,0.0
MAL_na_th,-1000.0,1000.0
MANth,-0.004894529999999999,0.027173681860279
METHFth,0.0,0.0
MG2th,0.0012331161442070409,0.0013701281542306723
NA1Hth,-1000.0,1000.0
NA1th,-1000.0,80.7557972340359
NADHth,-14.683735583251062,1.8212716503847296e-15
NADPth,3.166499789005291e-15,14.683735583251336
NH4th,-1000.0,1000.0
NO2th,0.0,2.2607568771070046
O2thr,0.024156193085337084,7.36849021700114
PAPSPAPthr,0.0,0.0
PHEMEth,0.0,0.0
PHEth,-0.005520346862739288,0.0
PMTCOAth,0.0,4.807528124142673e-08
PPAth,0.0,1.747400022515245
PPCOAth,-5.472669177839277,8.035206599878763e-15
PPHNth,-0.005520346862736455,8.221786828687074e-19
PTRCthr,0.0,0.0
PYRth,-995.31143314284,1000.0
R5Pth,-1.7543441813407397,-0.0095365589278917
RIBFLVth,-1.147324536567893e-05,-1.0325927377757041e-05
SERNA1th,-1000.0,1000.0
SERth,-1000.0,1000.0
SO3t,-7.340478011529027,1.7006469700357496
SQDG18111Z160th,0.00010963964807990079,0.00012182175163284262
SQDG1819Z160th,0.0003295342823337847,0.0003661489634465353
SUCFUMthr,0.0,999.9718077145442
THRNA1th,-1000.0,999.9879340911192
THRth,-1000.0,999.9879340911191
TRPth,-0.00019715521937287188,-0.00017743981332923368
TYRth,-0.050952108593342225,-0.0001774398133292337
UDPGALth,0.0030670564223471857,0.0530539082479332
UDPGth,0.0006667776288222788,0.0007408635481357063
UDPth,-0.053053908247425716,-0.0030670564223563702
UMPth,0.00306705642234719,0.05305390824804967
VALth,1.5453124079835335e-18,0.0628405776611652
GTHRDth,2.7319718691968947e-06,14.683738315229313
ASCBth,0.0,-5.818488535881871e-21
BTNth,0.0,0.0
DAD5tm,-1.0289906157543184e-07,-9.260921590497818e-08
DAD5th,-0.0091996795425693,0.0
METth,-0.0091996795425129,0.0
THMPPth,2.696180320004254e-19,-5.693005617881583e-19
H2O2th,-0.03693810725406267,-0.0036993484326211224
AMETth,0.0,0.009199679542870503
GTPth,1.0325927573405067e-05,1.1473245544424879e-05
SO4th,0.0,0.0
PCBth,-0.006154505306621627,0.0
COth,-0.006154505306621625,0.0
4ABUTthi,0.0,999.9999999999987
ACSERthi,0.0,13.740715379535931
ATP_3h_th,0.0,13.37284107139497
CO2th,0.0,80.2051010060648
F6P_pi_thi,0.0,1000.0
F6PBth,0.0,13.372841071403377
FE2th,0.0,9.999999999999998
FE3abch,0.0,0.0
FORthi,3.09777827202152e-05,9.837789455355814
GLU4ABUTthi,0.0,14.68373558326456
GLUNA1th,0.0,14.68373558326651
GLUth,0.0,14.683735583266486
GLYC3Pth,0.0,1.8402629235359211
HCO3_h_thi,0.002664539626132218,94.01885778635827
MALGLUth,0.0,14.683735583277382
MALOAAth,0.0,14.683735583268
NA1ATPaseh,0.0,40.102550503034436
NADPHth,0.0,14.683735583274256
NADth,0.0,14.683735583254192
PEPPIth,0.0,0.11219572765818744
PINA1th,0.0,13.372841071412946
PPIth,0.0,4.960603186601314
TSULth,0.0,7.341867791617484
5FLURAt,0.0,0.0
5FTHFt,0.0,-8.054236880733052e-17
6MPURt,0.0,0.0
ACt,-0.10154933755969955,0.0
ADEt,-0.04061973502404113,0.0
ADtr,0.0,0.0
ALLTNt,-0.05077466878002522,0.0
ALLTTt,-0.05077466877993223,0.0
ARG_Lt,-0.033849779186682596,0.0
CITALt,0.0,0.0
CO2t,1.7969013248805832,2.0
GLNt,-0.0406197350240186,0.0
GLYCLTt,-0.10154933755973139,0.0
GUAt,-0.04061973502407191,0.0
H2Ot,-1.8041601868901094,9.999999999999453
HISt,-0.0338497791865056,0.0
HXANt,-0.04061973502382098,0.0
LEUt,-0.03384977918655101,0.0
LIDOt,0.0,0.0
MEGLYXYLt,0.0,0.0
MG2t,0.0012331161442070407,0.0013701281542317636
NH4t,0.30922065969930856,0.9999999999999767
NO2t,-0.6907793403007938,0.0
NO3t,-0.6907793403021433,-4.71428962617193e-15
O2t,0.9445450894264322,10.0
ORNt,-0.04061973502380919,0.0
PIt,0.026428581362259305,0.04489209728211408
RIBt,-0.04061973502551789,0.0
SELTt,0.0,0.0
SO4NA1t,-1.8868290726110724e-16,10.203098675124547
SO4t,-10.201708895016445,3.364537173778066
SUCCt,-0.05077466877945668,0.0
TEGAt,0.0,0.0
TGUAt,0.0,0.0
TSULt,-1.69925718994302,1.1875552134516256e-16
URATEt,-0.04061973502360879,0.0
UREAt,-0.203098675118783,0.0
ASCBNA1t,-0.03384977918645994,-5.818488535881871e-21
XANNA1t,-0.04061973502374352,0.0
URANA1t,-0.05077466877954251,0.0
MEOHtm,9.260921590497821e-08,1.0289906157553658e-07
MEOHt,-9.795468056504169e-08,-9.260921590497826e-08
NMNt,-0.018463515919869656,0.0
NCAMt,-0.033849779186552076,0.0
THMt,1.8389163204302868e-19,0.0
COt,-0.20309867511900326,0.0
D_LACti,0.0,0.06769955837435764
ETOHti,0.0,0.10154933756175709
FE2GTPabc,0.0,9.999999999999998
FE3t,0.0,0.0
FEROt,0.0,0.0
FORti,0.0,0.2030986751232681
H2ti,0.0,7.054148146475395
HATPase,0.0,14.68373558327056
HCO3_h_ti,0.0,0.0
PAIL18111Z160t,0.0,0.0
PAIL1819Z160t,0.0,0.0
PE1801819Zt,0.0,0.0
PE1801829Z12Zt,0.0,0.0
PE1801835Z9Z12Zt,0.0,0.0
PE1801845Z9Z12Z15Zt,0.0,0.0
PE18111Z1819Zt,0.0,0.0
PE18111Z1829Z12Zt,0.0,0.0
PE18111Z1835Z9Z12Zt,0.0,0.0
PE18111Z1845Z9Z12Z15Zt,0.0,0.0
PE1819Z1819Zt,0.0,0.0
PE1819Z1829Z12Zt,0.0,0.0
PE1819Z1835Z9Z12Zt,0.0,0.0
PE1819Z1845Z9Z12Z15Zt,0.0,0.0
PE1829Z12Z1835Z9Z12Zt,0.0,0.0
PG18111Z160t,0.0,0.0
PG1819Z160t,0.0,0.0
PGP18111Z160t,0.0,0.0
PGP1819Z160t,0.0,0.0
ACCOAts,0.0,5.339621328051101e-08
ACts,-5.08304338653097e-08,0.0
COAts,-5.08304338653048e-08,-4.805662334015637e-08
H2Ots,-5.643311802894768e-24,1.4511213798370594e-24
HDCAts,-5.083043377881385e-08,2.2411693290059897e-24
Hts,4.805662334015836e-08,5.339621328046971e-08
NADHts,-1000.0,1000.0
NADPHts,-999.9999999999992,999.9999999999999
NADPts,-999.9999999999997,1000.0
NADts,-999.9999999999999,1000.0000000000009
PMTCOAts,4.292593153651654e-24,5.33959116436669e-08
RETINALts,4.8056638548297e-08,5.3395832077440937e-08
NADPHtf,0.0,0.0
NADPtf,0.0,0.0
OAAtf,8.83970380276517e-19,0.0
FDPtf,0.0,0.0
H2Otf,0.0,0.0
PItf,0.0,0.0
PYRtf,0.0,0.0
2PGLYCtx,-3.6357567067553624,1.0833655775275992e-31
3PGtx,0.0,0.0
ACCOAtx,-24.98540290570641,7.328560229101875
ASNtx,0.0,4.894578527759884
ASPtx,0.0,4.894578527747784
CITx,-3.66428011455141,0.0
CO2tx,0.0,0.0
COA_h_tx,-3.1236354772619457,0.0
GLXtx,-9.95547944831221,1.3405729887056794
H2Otx,-9.5180076322572,23.755815389885043
NADH_h_tx,-21.915856489926664,0.05077466878213951
NADtx,-21.91585648992164,0.05077466878460629
NH4tx,-4.894578527766628,0.0
O2tx,0.0,9.955479448312234
PItx,-3.635756706757632,0.0
10FTHFtx,3.229368692341766e-16,9.614149208204283
ACACtx,0.0,0.0507746687786438
ACALDtx,-10.232293346549117,0.0
ALANA1tx,-3.860083764967612e-15,9.999999999999492
ALAtx,-9.999999999998742,6.443399102172624e-13
ETOHtx,0.0,10.232293346543678
FADH2tx,-21.869951881387138,0.0
FADtx,-1.0375126960731657e-14,21.869951881371204
GLYCLTtx,-3.6357567067542576,9.955479448311582
GLYtx,0.0,0.0
H2O2tx,-9.955479520396876,0.0
METHFtx,-9.6141506095469,0.0
NADPHtx,0.0,0.0
NADPtx,0.0,0.0
FA160COAabcp,0.0,3.495071371362091
FA40COAabcp,0.0,3.49507137136209
FORtxi,0.0,0.0
4HPROtg,0.0,0.0
AHCYStg,0.0,0.0
AMETtg,0.0,0.0
Htg,0.0,0.0
UDPARAtg,0.0,0.0
UDPGALtg,0.0,0.0
UDPtg,0.0,0.0
GTHRDtm,0.0,0.0
1ACPCtm,0.0,5.470077938052518
23DHMBtm,-0.06284100316227297,2.2967981179330312
2DHPtm,0.0,0.0
2PGtm,-92.24184792496098,-4.853044498487758
34HPPt2m,-1000.0000000000001,1000.0000000000001
3MOPtm,0.0,2.4691673920209163
4ABUTtm,-1000.0,4.894579376748863
4MOPtm,0.0,0.05077490906259411
5FTHFtm,0.0,7.898467027181407e-18
5MTAtm,0.0,0.0
ACACtm,-0.0507750942814417,0.05077490906268407
ACCOAtm,-61.837528852285324,61.98522357472198
ACtm,-40.23126927263343,61.68533157171687
ADNtm,-1.1267457733976682e-05,-1.0140709150277754e-05
AKG_na_tm,-1000.0,1000.0
AKGCITtm,-1000.0,1000.0
AKGICITtm,-1000.0,1000.0
ALABtm,0.0,4.847780284311194
ALANA1tm,-1000.0,1000.0
ALAtm,-1000.0,1000.0
ALLTNtm,-0.0507750942814258,0.0
ALLTTtm,-0.05077509428133119,0.0
AMETAMtm,0.0,0.0
AMETt2m,0.0013909913446709873,1.7487913135058561
ARG_Ltm,-2.679585993627773,14.18335448842545
ASNNA1tm,-999.9999999999999,1000.0000000000007
ASNtm,-1000.0,1000.0
ASPNA1tm,-1000.0,1000.0
ASPtm,-1000.0,1000.0
CITICITtm,-1000.0,1000.0
CITRLtm,-2.4692922280981198,2.6795859936278137
CO2tm,-1000.0,-4.803244239131118
COAtm,-1.7696989068290212,5.4686862881482154
DATPtm,0.0,68.74725976523715
DCTPtm,-1.0733155775185011e-21,68.74730412838669
DGTPtm,0.0,68.74730405749666
DHORStm,-4.8520120021440025,-0.004231717832178443
DICtm,-14.711930415702845,0.0225826236062945
D_LACtm,-0.06769987875043773,0.0
DTTPtm,0.0,68.74725980441274
ETOHtm,-10.232294280217678,0.0
FA40COAtm,-1.0170838971672627e-18,3.512030562130327
FADH2tm,-2.6567736328735525,999.9999999999999
FADtm,-999.9999999999998,2.6567736328650144
FRDPtm,0.0,0.0
GLUNA1tm,-1000.0,1000.0
GLUtm,-1000.0,1000.0
GLYCLTtm,0.0,4.965770793745394
GLYNA1tm,-1000.0,1000.0
GLYtm,-1000.0,1000.0
GMPtm,0.0,0.0
H2O2tm,-9.693809719648277,9.963410586661661
H2Otm,-1000.0,74.28962581957965
H2tm,-2.4828853968747184,7.98822922214501e-14
HCYStm,-1.7450982772231705,0.006134113545768385
HMGCOAtm,0.0,0.050774909062252564
ILEtm,0.0,0.0
LEUtm,0.0,0.0
MAL_na_tm,-1000.0,1000.0
MALAKGtm,-1000.0,1000.0
MALCITtm,-1000.0,1000.0
MALICITtm,-1000.0,1000.0
MALOAAtm,-1000.0,1000.0
METHFtm,5.420001370225929e-16,8.417504130842824e-16
METtm,-0.006134020936476037,1.745098369832516
MLTHFtm,-6.281610285395919e-05,9.614093642866106
NA1Htm,-1000.0,1000.0
NA1tm,-1000.0,1000.0
NADtm,-34.971701500063084,1.147325140284922e-05
NH4tm,-84.27299042484769,6.2175526042471345
O2tmr,0.00010552820151887423,9.955585048598387
OAAAKGtm,-1000.0,1000.0
OAACITtm,-1000.0,1000.0
OAAICITtm,-1000.0,1000.0
ORNtm,-2.679585993626971,14.183354488427813
PHEMEtm,0.0,0.0
PIcm,-1000.0,1000.0
PINA1tm,-1000.0,1000.0
PItm,-1000.0,1000.0
PMTCOAtm,0.0,3.5120305621285484
PNTORtm,2.1625859785863827e-17,-4.706468586921763e-15
PPAtm,-1.7487915913320715,-0.0013912691723149174
PPCOAtm,-5.468686288156268,1.7487915913318204
PRONA1tm,-1000.0,1000.0
PROtm,-999.9999999999999,1000.0
PYRtm,-1000.0,1000.0
SELTtm,0.0,0.0
SERNA1tm,-1000.0,1000.0
SERtm,-1000.0,1000.0
SO4NA1tm,-7.341869065121991,0.0
SPMDtmr,-1000.0,0.0
SUCFUMtmr,-1000.0,-0.028192285455966668
THFtm,-9.614093642875353,6.281610273032948e-05
THRNA1tm,-1000.0,1000.0
THRtm,-1000.0,1000.0
TYRtm,-1000.0000000000009,1000.0000000000001
UDPtm,0.0,68.78564096145911
URATEtm,2.6863211305180375e-15,1.4794055046207126
UREAtm,-1.3633776984086903,0.0
UTPtm,-68.78564096146998,1.0939725447309785e-13
VALtm,-0.0715353699079052,-0.008694551964444304
ASCBtm,-0.03384993937528433,0.0
BTNtm,-1.0289911568083917e-07,-9.26092159049782e-08
PRPPtm,0.00010552820151530323,0.03395546757708652
NICRNTtm,0.00010552820151480825,0.03395546757698721
URDGLYCAtm,-1.4794055047232884,0.06769987875092047
THMPPtm,3.6222900240797255e-18,1.0158104484127237e-17
TSULtm2,-14.683738222859025,-9.260921590497822e-08
CMTEPtm,-1.1473251398430543e-05,-1.0325927573404967e-05
NCAMtm,-1.1473251398412558e-05,-1.0325927573404969e-05
Stm,9.26092159049944e-08,1.028991156811437e-07
PAPSPAPtm,0.0,0.0
DHAPtm,0.00010552820162180882,0.033955467577224376
CYStm,1.0418536789310046e-05,7.3418794836603025
SO3tm,9.26092159049782e-08,7.341869157735154
4ABUTtmi,0.0,1000.0
ACSERtmi,0.0,13.740717732410749
ATP_3h_tm,0.0,14.68373813025505
FORtmi,-2.461680279671943e-19,9.837759880808925
GLNtm,0.0,4.245353409554649
GLU4ABUTtmi,0.0,1000.0
HCO3_h_tmi,0.0,994.7087504984088
NA1ATPasem,0.0,68.7472032699368
NADHtm,0.0,34.97171182607486
PTRCtmi,1.275789718570441e-14,3.670934532564156
SPMDtmi,0.0,1000.0
TSULtm,0.0,14.683738130252744
GALTLtm,0.0,0.03384993937572749
2DHPtn,0.0,0.0
AHCYStn,0.0,0.0
AMETtn,0.0,0.0
AMPtn,0.0,0.0
APStn,0.0,0.0
GMPtn,0.0,0.0
H2O2tn,0.0,0.0
H2Otn,0.0,0.0
NH4tn,0.0,0.0
O2tnr,0.0,0.0
PItn,0.0,0.0
SO4tn,0.0,0.0
UDPtn,0.0,0.0
NADtn,0.0,0.0
UDPGtni,0.0,0.0
ACAROtu,8.871456355704527e-05,9.85717247344843e-05
CAROtu,0.0,2.669810664019741e-08
CHLAtu,0.0,0.0
CHLDBtu,0.0007661973886436446,0.0008513298757875618
GCAROtu,0.00012606806400211688,0.00014010223328654044
GGDPtu,0.0,0.0013701281542316374
GTHOXtu,-14.683738130237998,0.0
GTHRDtu,0.0,29.367471166517493
H2Othu,-25.533404621062097,-10.849669037808175
MG2tu,0.0,0.0
NADPHtu,0.0003291777226721941,7.345940675063207
NADPtu,-7.345941948561071,-0.00032917772267219395
O2trhu,0.0003735350044507167,7.342241326632115
PDPtu,0.0,0.0013701281542316227
PPItu,-0.0013701288746580105,-0.0012331161442070476
ASCBtu,1.2732046927917086e-20,2.4379699850392247e-16
CHLDA1tu,0.0,20.05127525151171
CHLDA2tu,0.0004669187555634105,20.0517421702688
TRP23OR,0.0,0.0
34HPPYRI,0.0,0.0
TAT,-1000.0,1000.0
FAA,0.0,0.05077466878041807
HGDO,0.0,0.050774668780047216
HPPD,0.0,0.05077466878004723
MAAI,0.0,0.050774668780047216
MAAIn,0.0,0.0
ALPH,0.0,1.3449138635642082
ALPHm,0.0,1.4794052499202535
URCB,0.0,1.3449138635632603
IMDHT,0.012065908880744557,0.06284057766167622
IMDHT_3c2hmp,0.012065908880744557,0.06284057766047618
KARI,0.004790875561849213,2.473957843082938
KARI_3hmoa,0.0,2.29679759073467
ACAS_2ahbut,0.004790875561849213,2.4739578430837375
DHAD,0.0,2.4739578430829208
DHAD_3mob,0.0,0.06284057766055946
DHAD_3mob_h,0.0,0.06284057766107055
DHADh,0.0,2.1205352940716526
ILETL,0.004790875561849212,7.346658667185227
IMDH,0.012065908880744557,0.06284057766164519
IPMS,0.0,0.06284057766106305
KARI_23dhmb,0.0,2.296797590735246
KARI_23dhmp,0.00479087556184921,2.4739578430843974
LEUTL,0.01206590888074456,7.35393370051022
MOPC,0.012065908880744557,0.06284057766217092
TAL,0.0,5.474867653305223
VALTL,0.008694551964443041,7.350562343586969
VALTLh,0.0,0.0
ILETLm,0.0,0.0
ILETAH,0.0,7.341867791625311
LEUTAH,0.0,7.341867791625239
VALTAH,0.0,7.341867791625322
ECH_3hivcoa,0.0,0.0
HMNO,0.0,2.693636691841263
HMNOS,0.0,2.4691669675218
MGC,-0.050774909063275885,0.0
ACCAT,0.0,2.4691669675216206
ALDH,0.0,0.0
DHRT_2mbcoa,0.0,2.4691669675216206
DHRT_ibcoa,0.0,2.6936366918405628
DHRT_ivcoa,9.92281676614839e-16,0.05077466878029352
ECH_3hibutcoa,-3.4050737273249447e-15,2.693636691841917
ECH_3hmbcoa,0.0,2.469166967521373
HIBH,0.0,2.693636691842173
HMGL,0.0,0.05077466878007495
IVCDH,0.0,0.05077466878105327
MCDH,0.0,2.6936366918415993
MCDH_2mb2coa,0.0,2.469166967521474
MCTC,0.0,0.05077466878039839
MHGS,0.0,0.050774668780398706
MMSDH,0.0,2.693636691841434
MOD,0.0,2.693636691842075
MOD_2mbdhl,0.0,2.4691669675218733
MOD_2mhop,0.0,2.6936366918466006
MOD_3mhtpp,0.0,0.050774668780569264
MOD_3mop,0.0,2.469166967518931
MOD_4mop,0.0,0.050774668779699376
OIVD3m,0.0,2.4691669675217276
BCTA,-2.115744782367375,0.00532319159191566
BCTA_glu,-0.04591584825641999,-0.012065908880744646
BCTA_glu_h,0.0,0.0
BCTAh,-1.8584349624870224e-16,2.1205352940720372
BCTA_val,0.0,0.06284057766152627
BCTA_val_h,0.0,0.06284057766076903
PYDXOR,0.0,15.500762125366428
PDX5POi,0.0,9.250831107717527
PDXPP,0.0,14.683735583247799
PYAM5PO,0.0,0.0
PYAMPP,0.0,14.683735583247358
PYDAMK,0.0,14.68373558324798
PYDXDH,0.0,0.0
PYDXK,0.0,14.683735583247978
PYDXNK,0.0,14.68373558324797
PYDXNO,0.0,9.955479448311705
PYDXO,0.0,0.0
PYDXPP,0.0,14.683735583248229
PYDXS,0.0,0.0
Biomass_Chlamy_auto,0.0463046079524891,0.05144953078767668
Biomass_Chlamy_mixo,0.0,0.0
Biomass_Chlamy_hetero,0.0,0.0
CDI1_BRANCH,0.0,4.723066926312495e-05
SMT1_2ND,0.0,4.7230669263124954e-05
C4DEMETH_BRANCH,0.0,4.7230669263124954e-05
SMT1_CROSS,0.0,4.723066926312512e-05
STE1_ERG3,4.250763010038499e-05,4.723066926312808e-05
CYP710_ERG5,4.250763010038499e-05,4.723066926312808e-05
ERG4_7DEHYD,4.250763010038499e-05,4.723066926312808e-05
HYD1,0.00011492803693807792,0.00017492840467825215
ERG28,0.00011492803693807793,0.0001749284046782521
ERG3,0.00011492803693807794,0.00012769780256023064
ERG5,9.918447023423164e-05,0.00011020495289443976
ERG4_ERGSTRL,9.918447023423164e-05,0.00011020495289443976
ERG4_7ENOL,1.5743566703846293e-05,1.749284966578409e-05
