,fluxes
AAT,1.1370353629262615e-05
ALATLm,0.0
ASNTLm,0.0
ASPO,0.0
ASPOm,0.0
ASPTLm,0.0
ASNTL,0.01104070093662901
ASPTL,0.01104070093662901
ALATL,0.044557114442803226
ALATAH,0.0
ASNTAH,0.0
ASPTAH,0.0
ASPATh,-0.9009243607920573
AGAT,0.0
AGATx,0.0
ASPS,0.011632789276931175
ASPSE,0.0
ACGAMPM,0.0011841766806043284
G6PDA,-0.0011841766806043282
UA4E,0.01348342368890759
UDPACGLP,0.0011841766806043284
AAPT,0.0
ACGAM6PSi,0.0011841766806043282
GF6PTA,0.0
UAD,0.01348342368890759
UDPGALOR,0.0
UMPU,0.0
AOTA,0.02444726635967853
AOTAm,0.0
GACT,0.024447266359678525
GSC,0.007689059555141849
LGGSOR,0.0
PROOR,0.0
AAAT,0.0
AABHH,0.0
AGGPR,0.02444726635967853
AGK,0.02444726635967853
AODAA,0.0
ARGDI,0.0
ARGT,0.024447266359678522
G5DH,0.007689059555141849
G5DHm,0.0
G5DHx,0.0
NOS,0.0
NOS1,0.0
NOS2,0.0
ORNTArm,0.0
P5CR,0.007689059555141849
P5CRm,0.0
PROTL,0.007689059555141848
PCOR,0.0
THPOR,0.0
P3H5COR,0.0
ARGTAH,0.0
PROTAH,0.0
ARGSL,0.024447266359678522
OCT,0.0
OCTh,0.0
OCTm,0.024447266359678525
ARGSS,0.024447266359678522
GLU5K,0.007689059555141848
GDPMANNE1,0.017742567697567598
GDPMANNE2,0.0
GDPMANNE3,0.0
ASCBOR4,0.0
MDHASCBL,0.0
ASCBOR,4.928586864280286e-05
GTHDHu,0.0
UDPGLCURH,0.0
GDPGALP,0.017742567697567598
GAL1PP,0.017742567697567598
GALOR,0.0
GALTLOR,0.0
ASCBOR2,0.0
ASCBOR3,0.0
ATPM_NGAM,2.85
ASAPT,0.0
PPCOAOm,0.0
BAOAT,0.0
APOR,0.0
BADP,0.0
HIDP,0.0
PAO,0.0
PBAL,0.0
HAL,0.0
DHDH,0.0
DHPD,0.0
BUPN,0.0
44MZYMMO,0.0
44MZYMOR,0.0
4MZYMDM,0.0
4MZYMR,0.0
CADMO,0.0
CADS,0.0
CAS,0.00017492851893162502
CMS,0.008646785668619554
CYARTMT,0.00017492851893162505
CYEUOLCYCI,0.00017492851893162505
CYEUOLS,0.00017492851893162502
DDSMSTOLD,0.0
DSMSTOLD,0.0
DXRI,0.008646785668619553
GGDR,0.001370129049118935
HDS,0.008646785668619554
LNS14DM,0.0
LS,0.0
MCS,0.008646785668619556
MERGTROLR,0.00017492851893162508
MPQMT,0.0
SMO,0.00017492851893162508
4MZYMCODH,0.0
CHLSTD78I,0.0
CHLSTI,0.0
CHLSTR,0.0
CMK,0.008646785668619556
DDSMSTOLR,0.0
DSMSTOLR,0.0
DXS,0.008646785668619554
FPPS,0.0
FPPSh,0.0022491606766207005
GGPS,0.0018993036387574506
GPPS,0.0
GPPSh,0.0022491606766207005
HPT,0.0
IDI,0.0
IDIh,0.002249160676620701
IDS1,0.008646785668619554
IDS2,0.0
LTHSTRLOR,0.0
OBFOOLOR,0.00017492851893162505
PSPPS,0.0001749285189316251
SS,0.00017492851893162508
TCYD,0.0
TCYG,0.0
TMTB,0.0
TMTD,0.0
TMTG,0.0
VITD3S,0.0
ZYMSTR,0.0
HST,0.0
MSBQMT,0.0
3OACOAR,0.005514449226898902
3OACOAS,0.005514449226898904
COA1819ZD9DS,0.005514449226898902
ECOAH8,0.005514449226898902
ECOAR,0.005514449226898902
FACOAE160,0.0
FACOAE180,0.0
FACOAE1819Z,0.0
FACOAE1829Z12Z,0.0
FACOAE1836Z9Z12Z,0.0
FACOAE1839Z12Z15Z,0.0
LNLCCOAOR,0.0
AMAOTr,1.0289912643599909e-07
MALCOAMT,1.0289912643599909e-07
OGMEACPS,1.028991264359991e-07
OGMEACPR,1.0289912643599907e-07
OGMEACPD,0.0
EGMEACPR,0.0
OPMEACPS,0.0
OPMEACPR,0.0
OPMEACPD,0.0
EPMEACPR,0.0
PMEACPE,0.0
AOXSr2,1.0289912643599909e-07
DBTS,1.0289912643599909e-07
BTS5,1.0289912643599907e-07
BTNL,0.0
BTNL2,0.0
BTNLm,0.0
BTNLm2,0.0
BCACT,0.0012997956956040497
BCOR,0.0
HBCHL,0.0
HBCHLm,0.0
HBCHLR,0.0
HBCO_nadp,0.0
HBCO_nadp_m,0.0
HBNOm,0.0
HBNOx,0.0
APLh,0.0
APLm,-1.028991264359991e-07
BNOR,0.0
BNORh,0.0
BTS,0.0
BTS_nadph,0.0
HBCO,0.0
HBCOm,0.0
SSNOh,0.0
SSNOm,0.0
CALLOSES,0.0
CALLOSESf,0.0
ALAAT,-0.29183371496014127
HCO3E,-18.870370628275097
HCO3Em,-0.029149380860352382
FBA3hi,1.3521687506724391
GAPDH_nadp_hi,2.5253751761094767
HCO3Ehi,13.196541395577572
MDH_nadp_hi,0.0
MDHCm,0.0
PPC,0.0
PPDKh,0.0
PRUK,1.8696777347684874
RBPCh,1.8696777347684874
SBP,1.3521687506724391
GAPDH_nadp,0.0
ASPATm,6.01853178103649
MDHC_nadp_hr,-11.758590112816945
ANXANASCOR,-5.1879861729266166e-05
BCAROH,6.7443820248046e-05
BCAROKT,0.0
BCRPTXANH,6.7443820248046e-05
LCYA,0.000124511668150239
LCYB,0.00014007562666901876
LCYD,0.000124511668150239
LCYE,0.0
LCYG,0.0001400756266690188
LUTH,3.372191012402303e-05
NEOXANS,2.85339239510964e-05
NOR,0.00026458729481925776
PDS1,0.00026458729481925776
PDS2,0.00026458729481925776
VIOXANOR,-4.6691875556339545e-05
ZDS,0.00026458729481925776
TCZCARI,0.0
TCLYCI,0.0
ANXANOR,0.0
CHYA1,9.85717372856059e-05
CHYA2,0.0
CXHY,0.0
PSY,0.00026458729481925776
ZAXANOR,0.0
ZHY,9.85717372856059e-05
PHYTOOR,0.0
DCPHYTFLOR,0.0
DCZCAROR,0.0
CY_focytc_h,0.0
CY_focytb5_c,0.011028898453797804
ETF,0.0
ETFQO,0.0
CYSTAm,0.001544303002036009
MERCPPYRST,0.001544303002036009
3SPYRSPh,0.0
3SPYRSPm,0.0
ACSERSULL,0.0
ACSERSULLh,0.0
ACSERSULLm,0.0
SHSL1h,0.0
SHSL2h,0.0
SHSL4h,0.0
CSLm,0.0
CSLh,0.0
AATC,0.0
AATCm,0.0
AATG,0.0
AATGm,0.0
CTINBL,0.0
CYSATm,0.0
CYSAT,0.0
CYSDO,0.0
CYSS,0.0008033360708848193
CYSS_trdrd,0.0015442001029095734
CYSTBL,0.0
CYSTL,0.0003943107477367504
CYSTAH,0.0
SAT,0.0023475361737943924
SATm,0.0
DM_apotfen_h,0.0
DM_asnglcnacglcnacman_LPAREN_man_RPAREN_man_c,0.000592088340302164
DM_bhb_m,0.0
DM_bhb_x,0.0
DM_cat_c,0.0
DM_ficytb5_c,0.0
DM_glu5sa_m,0.0
DM_hcarn_c,0.0
DM_icit_h,0.0
DM_na1_c,1.2142558303626573e-16
DM_na1_h,0.0
DM_na1_m,0.0
DM_na1_x,0.0
DM_no_h,0.0
DM_o2D_u,7.463602777385543
DM_photon298_c,0.0
DM_photon437_u,0.0
DM_photon438_u,0.0
DM_photon450_h,0.0
DM_photon490_s,0.0
DM_photon646_h,10.32485007968525
DM_photon673_u,0.0
DM_photon680_u,4.456065606073589
DM_udg_m,0.0
DM_urdglyc_m,0.0
DM_pqa_h,0.0
DM_amob_m,0.0
DM_12dgr18111Z160_c,0.0
DM_12dgr1819Z160_c,0.0
DM_dad_5_c,1.1473252712792204e-05
DM_callose_c,0.0
DM_callose_f,0.0
DM_pcb_c,0.0
DM_fe2_h,0.0
DM_starch_h,0.0
DM_tag_c,0.0
CITALALDOR,0.0
CITALDM,0.0
CITALMO,0.0
CITALOR,0.0
DDMCITALOR,0.0
DMCITALDM,0.0
DMCITALOR,0.0
LIDOAMH,0.0
LIDODM,0.0
LIDOMO,0.0
MEGLYXYLAMH,0.0
CYTP450R,0.0
56DH5FLURAAMH,0.0
5FLURAOR,0.0
5FLURAPRT,0.0
6MPURPRT,0.0
6TINS5MPOR,0.0
6TXAN5MPAML,0.0
AFLBURPPAAMH,0.0
TEGAMO,0.0
TGUAPRT,0.0
EX_h_e,0.12731455708266345
EX_h2o_e,-1.4535931924566083
EX_pi_e,-0.029365090401872407
EX_nh4_e,-0.343941068379724
EX_no3_e,0.0
EX_so4_e,-0.0015442001029095731
EX_fe2_e,0.0
EX_fe3_e,0.0
EX_mg2_e,-0.0013701290491189347
EX_na1_e,0.0
EX_photonVis_e,-46.76857892356498
EX_o2_e,-5.174303328326513
EX_co2_e,-2.0
EX_hco3_e,0.0
EX_ac_e,0.0
EX_rib_D_e,0.0
EX_no2_e,0.0
EX_his_L_e,0.0
EX_urea_e,0.0
EX_ad_e,0.0
EX_gua_e,0.0
EX_ade_e,0.0
EX_alltt_e,0.0
EX_alltn_e,0.0
EX_hxan_e,0.0
EX_orn_e,0.0
EX_gln_L_e,0.0
EX_urate_e,0.0
EX_leu_L_e,0.0
EX_arg_L_e,0.0
EX_so3_e,0.0
EX_s_e,0.0
EX_selt_e,0.0
EX_etoh_e,0.0
EX_for_e,0.0
EX_h2_e,0.0
EX_glyclt_e,0.0
EX_succ_e,0.0
EX_lac_D_e,0.0
EX_6mpur_e,0.0
EX_tgua_e,0.0
EX_tega_e,0.0
EX_5flura_e,0.0
EX_cital_e,0.0
EX_lido_e,0.0
EX_ascb_e,0.0
EX_xan_e,0.0
EX_ura_e,0.0
EX_meoh_e,0.0
EX_ncam_e,0.0
EX_nmn_e,0.0
EX_thm_e,0.0
EX_pheme_e,0.0
EX_biliverd_e,0.0
EX_co_e,0.0
3HAD100,0.05407647223537435
3HAD120,0.05407647223537435
3HAD140,0.05407647223537435
3HAD160,0.05407647223537438
3HAD40,0.05407647223537437
3HAD60,0.05407647223537436
3HAD80,0.05407647223537435
3OAR100,0.05407647223537435
3OAR120,0.05407647223537436
3OAR140,0.05407647223537436
3OAR160,0.05407647223537438
3OAR40,0.05407647223537438
3OAR60,0.05407647223537436
3OAR80,0.05407647223537435
ACCOAC,0.3860741046635139
MCOATA,0.3860741046635139
ACCOACm,2.0579825287199817e-07
MCOATAm,1.0289912643599909e-07
3HAD180,0.004578199431358685
3HAD181,0.0029605995845346385
3OAR180,0.004578199431358685
3OAR181,0.0029605995845346394
3OAS100,0.05407647223537436
3OAS120,0.05407647223537436
3OAS140,0.05407647223537436
3OAS160,0.05407647223537438
3OAS180,0.004578199431358685
3OAS181,0.0029605995845346394
3OAS60,0.05407647223537437
3OAS80,0.05407647223537436
ACOATA,0.054076472235374366
ACP1619ZD9DS,0.00300182062122853
ACP1819ZD9DS,0.003583147504567104
BTNC,0.38607410466351394
EAR100x,0.05407647223537435
EAR100y,0.0
EAR120x,0.05407647223537435
EAR120y,0.0
EAR140x,0.05407647223537435
EAR140y,0.0
EAR160x,0.05407647223537438
EAR160y,0.0
EAR180x,0.004578199431358685
EAR181x,0.002960599584534639
EAR181y,0.0
EAR40x,0.05407647223537437
EAR40y,0.0
EAR60x,0.05407647223537436
EAR60y,0.0
EAR80x,0.05407647223537435
EAR80y,0.0
FA100ACPHi,0.0
FA120ACPHi,0.0
FA140ACPHi,0.0
FA160ACPHi,0.042501655806010216
FA161ACPHi,0.0
FA180ACPHi,0.000995051926791581
FA1819ZACPH,0.0
FA181ACPHi,0.0027593555032384707
FA80ACPHi,0.0
KAS14,0.05407647223537436
BTNCm,2.0579825287199815e-07
ECOAH2m,0.0
ECOAH3m,0.0
ECOAH4m,0.0
ECOAH5m,0.0
ECOAH6m,0.0
ECOAH7m,0.0
HACD2m,0.0
HACD3m,0.0
HACD4m,0.0
HACD5m,0.0
HACD6m,0.0
HACD7m,0.0
ACACT2m,0.0
ACACT3m,0.0
ACACT4m,0.0
ACACT5m,0.0
ACACT6m,0.0
ACACT7m,0.0
ACOAR2m,0.0
ACOAR3m,0.0
ACOAR4m,0.0
ACOAR5m,0.0
ACOAR6m,0.0
ACOAR7m,0.0
ACACT1,0.033933014836930606
ACACT2,0.03523281053253345
ACACT3,0.03523281053253346
ACACT4,0.03523281053253346
ACACT5,0.03523281053253345
ACACT6,0.035232810532533444
ACACT7,0.03523281053253344
CYTP450Rh,0.0
ECOAH1,0.033933014836929426
ECOAH2,0.03523281053253346
ECOAH3,0.03523281053253346
ECOAH4,0.03523281053253346
ECOAH5,0.03523281053253345
ECOAH6,0.035232810532533444
ECOAH7,0.03523281053253344
HACD1,0.03393301483693061
HACD2,0.03523281053253345
HACD3,0.03523281053253345
HACD4,0.03523281053253345
HACD5,0.03523281053253345
HACD6,0.03523281053253345
HACD7,0.03523281053253344
AACP1819ZS,0.0
AACPS1,0.0
AACPS3,0.0
AACPS4,0.0
AACPS5,0.0
AACPS6,0.0
ACOA100OR,0.03523281053253345
ACOA120OR,0.035232810532533444
ACOA140OR,0.03523281053253344
ACOA160OR,0.03523281053253344
ACOA40OR,0.03393301483692942
ACOA60OR,0.03523281053253346
ACOA80OR,0.03523281053253346
CACOAL,0.000701476144572513
FACOAL160,0.04250165580601021
FAH120,0.0
FAH140,0.0
FAH160,0.0
FAH1819Z,0.0
FAH1829Z12Z,0.0
LNLCCOAL,0.0
LNLNCACOAL,0.0
LNLNCGCOAL,0.0
PACOAL,0.001555746482475342
DHNPAr,0.0
10FTHFGLULL,0.0
10FTHFGLULLm,0.0
ADCL,0.0
ADCS,0.0
AKP1,0.0
DHFOR,0.0
DHFS,0.0
DHPS,0.0
DNMPPA,0.0
DNTPPA,0.0
FOLD3,0.0
GTPCI,0.0
HPPK,0.0
THFGLUH,0.0
THFGLUS,0.0
THFOR1,0.0
THFOR2,0.0
THFGLUSm,0.0
AGAKI,0.00489453
FPGPL,0.0
MAKI,-0.004894529999999999
MPAKI,-0.023071362760287078
MPPM,0.023071362760287078
SBTRh,0.0
AF1PT,0.0
AM6PT,0.0
AM6PTh,0.0
BFBP,0.0
BFBPh,0.0
F2PP,0.0
FBPPH,0.0
GAMPG,0.023071362760287078
PFK26,0.0
UG4E,0.003595353481342996
AGMIS,0.0
EMGH,0.0
GALK,0.0
GALKh,0.0
GALO,0.0
GGGH,0.0
GRGT,0.0
IAGT,0.0
LCGH,0.0
MGHA,0.0
MGHB,0.0
MLGH,0.0
MTGH,0.0
OAGMIG,0.0
RFH,0.0
RGH,0.0
SFH,0.0
SGHA,0.0
SGHB,0.0
SYGH,0.0
GLCURK,0.01348342368890759
ABAT,0.0
ARGD,0.0
ARGDh,0.0
GAL,0.41787637378810466
GAM,2.671123597183215
GDR,0.0015442001029095731
GDR_nadp,0.0
GDR_nadp_h,0.008646785668619553
GDR_nadp_m,0.0
GDRh,0.0
GDRm,0.0
GLNTL,0.013209410023456356
GLUS_ferr,0.007793473657040082
GLUTL,0.013209410023456354
PRDPARh,0.0
GLNTAH,0.0
GLUTAH,0.0
GDHm,0.0
GCL,0.0019531225269312077
GTHS,0.0019531225269312077
GALh,2.950403970316936
GALm,0.029149175062098995
GLUS,0.6545982616524605
GDH,0.0
GDH_nadp,0.0
GTHAMPOR,-0.0015442001029095731
GTHAMPORh,0.0
GTHAMPORm,0.0
GTHPDSOR,-0.008646785668619554
GTHP,0.0
OPAH,0.0
GGGAP,0.0019500870026320982
CGDP,0.0019500870026320982
ALCD19,-0.24727660051744155
ALCD19y,0.0
GLYALDOR,-0.24727660051744157
ACOADAGAT16018111Z160,6.835724051863194e-05
ACOADAGAT16018111Z180,6.613133114150904e-05
ACOADAGAT16018111Z18111Z,6.628677312815755e-05
ACOADAGAT16018111Z1819Z,6.628677312815755e-05
ACOADAGAT16018111Z1835Z9Z12Z,6.659908104027217e-05
ACOADAGAT16018111Z1845Z9Z12Z15Z,6.675595003059395e-05
ACOADAGAT1601819Z160,6.835724051863194e-05
ACOADAGAT1601819Z180,6.613133114150904e-05
ACOADAGAT1601819Z18111Z,6.628677312815755e-05
ACOADAGAT1601819Z1819Z,6.628677312815755e-05
ACOADAGAT1601819Z1835Z9Z12Z,6.659908104027217e-05
ACOADAGAT1601819Z1845Z9Z12Z15Z,6.675595003059395e-05
ACOADAGAT1801819Z160,6.613133114150904e-05
ACOADAGAT1801819Z180,6.404581426776616e-05
ACOADAGAT1801819Z18111Z,6.419159600492126e-05
ACOADAGAT1801819Z1819Z,6.419159600492126e-05
ACOADAGAT1801819Z1835Z9Z12Z,6.448442960641983e-05
ACOADAGAT1801819Z1845Z9Z12Z15Z,6.463148395576028e-05
ACOADAGAT18111Z18111Z160,6.628677312815755e-05
ACOADAGAT18111Z18111Z180,6.419159600492126e-05
ACOADAGAT18111Z18111Z18111Z,6.43380429159125e-05
ACOADAGAT18111Z18111Z1819Z,6.43380429159125e-05
ACOADAGAT18111Z18111Z1835Z9Z12Z,6.463221724617621e-05
ACOADAGAT18111Z18111Z1845Z9Z12Z15Z,6.477994718848181e-05
ACOADAGAT18111Z1819Z160,6.628677312815755e-05
ACOADAGAT18111Z1819Z180,6.419159600492126e-05
ACOADAGAT18111Z1819Z18111Z,6.43380429159125e-05
ACOADAGAT18111Z1819Z1819Z,6.43380429159125e-05
ACOADAGAT18111Z1819Z1835Z9Z12Z,6.463221724617621e-05
ACOADAGAT18111Z1819Z1845Z9Z12Z15Z,6.477994718848181e-05
ACOADAGAT1819Z18111Z160,6.628677312815755e-05
ACOADAGAT1819Z18111Z180,6.419159600492126e-05
ACOADAGAT1819Z18111Z18111Z,6.43380429159125e-05
ACOADAGAT1819Z18111Z1819Z,6.43380429159125e-05
ACOADAGAT1819Z18111Z1835Z9Z12Z,6.463221724617621e-05
ACOADAGAT1819Z18111Z1845Z9Z12Z15Z,6.477994718848181e-05
ACOADAGAT1819Z1819Z160,6.628677312815755e-05
ACOADAGAT1819Z1819Z180,6.419159600492126e-05
ACOADAGAT1819Z1819Z18111Z,6.43380429159125e-05
ACOADAGAT1819Z1819Z1819Z,6.43380429159125e-05
ACOADAGAT1819Z1819Z1835Z9Z12Z,6.463221724617621e-05
ACOADAGAT1819Z1819Z1845Z9Z12Z15Z,6.477994718848181e-05
ACPT16018111Z,3.959352270725318e-06
ACPT1601819Z,0.0003695610399081353
ACPT18111Z18111Z,3.8244827437314826e-06
ACPT18111Z1819Z,4.8817347753554865e-05
ACPT1819Z18111Z,2.4960467647199856e-05
ACPT1819Z1819Z,0.0002544345534166114
AGPAT1601819Zh,0.0
AGPAT160h,0.00012581291380378985
AGPAT1801819Zh,0.0
AGPAT18111Z160h,0.0002012440812961685
AGPAT18111Z1819Zh,0.0
AGPAT1819Z160h,0.003541926467873212
AGPAT1819Z1619Zh,4.122103669389214e-05
AGPAT1819Z18111Zh,0.0
AGPAT1819Z1819Zh,0.0
AGPATCOA16018111Z,0.00040437650125804757
AGPATCOA1601819Z,0.0007699781888954575
AGPATCOA1801819Z,0.24844026953175677
AGPATCOA18111Z160,9.875456762905241e-05
AGPATCOA18111Z18111Z,0.0003923911021432934
AGPATCOA18111Z1819Z,0.0006037978290931355
AGPATCOA1819Z160,1.3293884103910876e-05
AGPATCOA1819Z18111Z,0.0004135270870467618
AGPATCOA1819Z1819Z,0.0006581560951890554
ASQDCADS1829Z12Z160,0.00012227773189134748
ASQDCADS1839Z12Z15Z160,6.119627973664677e-05
ASQDPADS1829Z12Z160,0.00012204963950185693
ASQDPADS1839Z12Z15Z160,6.108201954671193e-05
DAGAH16018111Z,0.0
DAGAH1601819Z,0.0
DAGAH1801819Z,0.24789829246553566
DAGAH18111Z18111Z,0.0
DAGAH18111Z1819Z,0.0
DAGAH1819Z18111Z,0.0
DAGAH1819Z1819Z,0.0
DAGK16018111Z,0.0
DAGK1601819Z,0.0
DAGK1601819Zh,0.0
DAGK160h,0.0
DAGK1801819Z,0.0
DAGK1801819Zh,0.0
DAGK181,0.0
DAGK18111Z160h,0.0
DAGK18111Z1819Z,0.0
DAGK18111Z1819Zh,0.0
DAGK1819Z160h,0.0
DAGK1819Z1619Zh,0.0
DAGK1819Z18111Z,0.0
DAGK1819Z18111Zh,0.0
DAGK1819Z1819Z,0.0
DAGK1819Z1819Zh,0.0
DGDGD4DS1819Z1634Z7Z10Z,2.4126206464255214e-05
DGDGD4DS1829Z12Z1634Z7Z10Z,0.0
DGDGD4DS1839Z12Z15Z1634Z7Z10Z,0.0002048598757673211
DGDGD4DS1839Z12Z15Z1644Z7Z10Z13Z,0.0
DGDGD7DS1819Z1617Z,7.048331986432671e-05
DGDGD7DS1829Z12Z1617Z,0.0003411461270361412
DGDGGH1819Z160,0.0
DGDGGH1819Z1617Z,0.0
DGDGGH1819Z1619Z,0.0
DGDGGH1819Z1627Z10Z,0.0
DGDGGH1819Z1637Z10Z13Z,0.0
DGDGGH1829Z12Z160,0.0
DGDGGH1829Z12Z1617Z,0.0
DGDGGH1829Z12Z1619Z,1.0342930074855911e-05
DGDGGH1829Z12Z1627Z10Z,0.0
DGDGGH1829Z12Z1634Z7Z10Z,0.0
DGDGGH1829Z12Z1637Z10Z13Z,0.0
DGDGGH1839Z12Z15Z160,1.0342930074855911e-05
DGDGGH1839Z12Z15Z1627Z10Z,0.0
DGDGGH1839Z12Z15Z1634Z7Z10Z,0.00016682715191863003
DGDGGH1839Z12Z15Z1637Z10Z13Z,0.0
DGDGGH1839Z12Z15Z1644Z7Z10Z13Z,0.0
DGDGS1819Z160,0.0008058850459949156
DGDGS1819Z1619Z,4.122103669389213e-05
DGDGW3DS1819Z1637Z10Z13Z,1.032678538544748e-05
DGDGW3DS1829Z12Z1637Z10Z13Z,6.56930231967405e-05
DGDGW3DS1839Z12Z15Z160,0.00013399083931807648
DGDGW3DS1839Z12Z15Z1627Z10Z,0.0002324590208228048
DGDGW3DS1839Z12Z15Z1634Z7Z10Z,0.0
DGDGW3DS1839Z12Z15Z1637Z10Z13Z1,5.1893602117932776e-05
DGDGW3DS1839Z12Z15Z1637Z10Z13Z2,0.0
DGDGW3DS1839Z12Z15Z1644Z7Z10Z13Z,1.3860878269241724e-05
DGDGW6DS1819Z1627Z10Z,5.506120190069305e-05
DGDGW6DS1829Z12Z160,0.0006464919643969073
DGDGW6DS1829Z12Z1617Z,0.0
DGDGW6DS1829Z12Z1619Z,2.5798918730258482e-05
DGDGW6DS1829Z12Z1627Z10Z1,0.0
DGDGW6DS1829Z12Z1627Z10Z2,0.0003256901383807387
DGDGW6DS1829Z12Z1634Z7Z10Z,1.3799421078807735e-05
DGDGW6DS1829Z12Z1637Z10Z13Z,0.0
DGTSD5DS1601835Z9Z12Z,0.0003084313336143928
DGTSD5DS18111Z1835Z9Z12Z,3.463952881574796e-05
DGTSD5DS1819Z1835Z9Z12Z,5.943272245193646e-05
DGTSD5DS1829Z12Z1835Z9Z12Z,0.00013892660112209832
DGTSDS1601829Z12Z,0.0003656016875806999
DGTSDS1601845Z9Z12Z15Z,0.00010778449617280094
DGTSDS18111Z1829Z12Z,4.4992865009823385e-05
DGTSDS18111Z1845Z9Z12Z15Z,1.387782968450832e-05
DGTSDS1819Z1829Z12Z,6.978605864601189e-05
DGTSDS1819Z1845Z9Z12Z15Z,3.8671023320696824e-05
DGTSDS1829Z12Z18111Z,2.1135984903468373e-05
DGTSDS1829Z12Z1819Z,0.00018082401202686803
DGTSDS1829Z12Z1829Z12Z1,0.00015968802712339962
DGTSDS1829Z12Z1829Z12Z2,0.0
DGTSDS1829Z12Z1835Z9Z12Z,0.0
DGTSDS1829Z12Z1845Z9Z12Z15Z1,2.4793193636188506e-05
DGTSDS1829Z12Z1845Z9Z12Z15Z2,0.0
DGTSDS1839Z12Z15Z18111Z,1.73014159426997e-05
DGTSDS1839Z12Z15Z1819Z,1.73014159426997e-05
DGTSDS1839Z12Z15Z1835Z9Z12Z,5.5659623015048246e-05
DGTSDS1839Z12Z15Z1845Z9Z12Z15Z1,2.0927993158149794e-05
DGTSDS1839Z12Z15Z1845Z9Z12Z15Z2,0.0
FACOAL180,0.24889334439232727
FACOAL181,0.2480525932807755
FACOAL18111Z,0.0027593555032384702
G3PAT160,0.0011743546901535052
G3PAT160h,0.00012581291380378982
G3PAT180,0.24844026953175677
G3PAT180h,0.0
G3PAT181,0.0010949434988654812
G3PAT1819Z,0.001084977066339728
G3PAT1819Zh,0.003583147504567104
G3PAT181h,0.00020124408129616847
GLYK,0.0
MAGAH160,0.0
MAGAH180,0.24789829246553569
MAGAH18111Z,0.0
MAGAH1819Z,0.0
MGDGD4DS1819Z1644Z7Z10Z13Z,0.00163052273052229
MGDGD4DS1829Z12Z1634Z7Z10Z,2.0797156114363906e-05
MGDGD4DS1829Z12Z1644Z7Z10Z13Z,0.0
MGDGD4DS1839Z12Z15Z1634Z7Z10Z,0.0
MGDGD4DS1839Z12Z15Z1644Z7Z10Z13Z,0.0
MGDGD7DS1819Z1617Z,0.0018908260554338205
MGDGD7DS1829Z12Z1617Z,0.0
MGDGS1819Z160,0.0027070263619602968
MGDGS1819Z1619Z,4.122103669389213e-05
MGDGW3DS1819Z1637Z10Z13Z,0.001818147038555284
MGDGW3DS1829Z12Z1637Z10Z13Z,0.0
MGDGW3DS1829Z12Z1644Z7Z10Z13Z,0.0
MGDGW3DS1839Z12Z15Z160,0.0
MGDGW3DS1839Z12Z15Z1627Z10Z,2.079743377258548e-05
MGDGW3DS1839Z12Z15Z1634Z7Z10Z,0.0
MGDGW3DS1839Z12Z15Z1637Z10Z13Z1,0.00016682715191863005
MGDGW3DS1839Z12Z15Z1637Z10Z13Z2,0.0
MGDGW3DS1839Z12Z15Z1644Z7Z10Z13Z1,0.0014636955786036599
MGDGW3DS1839Z12Z15Z1644Z7Z10Z13Z2,0.0
MGDGW6DS1819Z1627Z10Z,0.001818147038555284
MGDGW6DS1829Z12Z160,1.031526053156086e-05
MGDGW6DS1829Z12Z1617Z,7.267901687853676e-05
MGDGW6DS1829Z12Z1619Z,0.0
MGDGW6DS1829Z12Z1627Z10Z1,0.0
MGDGW6DS1829Z12Z1627Z10Z2,6.233608680368084e-05
MGDGW6DS1829Z12Z1637Z10Z13Z,0.00018762430803299392
MGDGW6DS1829Z12Z1644Z7Z10Z13Z,0.0016305227305222901
PAPA16018111Z,0.0004043765012580475
PAPA1601819Z,0.0007699781888954574
PAPA1601819Zh,0.0
PAPA160h,0.00012581291380378982
PAPA1801819Z,0.2484402695317568
PAPA1801819Zh,0.0
PAPA181,0.0003923911021432934
PAPA18111Z160h,0.0001466830154229735
PAPA18111Z1819Z,0.0006037978290931354
PAPA18111Z1819Zh,0.0
PAPA1819Z160h,0.003175394464758287
PAPA1819Z1619Zh,4.122103669389214e-05
PAPA1819Z18111Z,0.00041352708704676174
PAPA1819Z18111Zh,0.0
PAPA1819Z1819Z,0.0006581560951890549
PAPA1819Z1819Zh,0.0
PED5DS1801835Z9Z12Z,0.0
PED5DS18111Z1835Z9Z12Z,0.00172216034441536
PED5DS1819Z1835Z9Z12Z,1.5154922372882224e-05
PEDS1801829Z12Z,9.056479977731154e-20
PEDS1801845Z9Z12Z15Z,0.0007350910619209788
PEDS18111Z1829Z12Z,0.0017221603444153603
PEDS18111Z1845Z9Z12Z15Z,6.543109340492091e-06
PEDS1819Z1829Z12Z,1.5154922372882228e-05
PEDS1819Z1845Z9Z12Z15Z,1.9827604062097347e-07
PEDS1829Z12Z1835Z9Z12Z,1.011207807166954e-05
PLDAGAT16018111Z1601,0.0
PLDAGAT16018111Z1602,0.0
PLDAGAT16018111Z18111Z1,0.0
PLDAGAT16018111Z18111Z2,0.0
PLDAGAT16018111Z18111Z3,0.0
PLDAGAT16018111Z1819Z1,0.0
PLDAGAT16018111Z1819Z2,0.0
PLDAGAT16018111Z1819Z3,0.0
PLDAGAT16018111Z1819Z4,0.0
PLDAGAT1601819Z1601,0.0
PLDAGAT1601819Z1602,0.0
PLDAGAT1601819Z18111Z1,0.0
PLDAGAT1601819Z18111Z2,0.0
PLDAGAT1601819Z18111Z3,0.0
PLDAGAT1601819Z1819Z1,0.0
PLDAGAT1601819Z1819Z2,0.0
PLDAGAT1601819Z1819Z3,0.0
PLDAGAT1601819Z1819Z4,0.0
PLDAGAT1801819Z1601,0.0
PLDAGAT1801819Z1602,0.0
PLDAGAT1801819Z18111Z1,0.0
PLDAGAT1801819Z18111Z2,0.0
PLDAGAT1801819Z18111Z3,0.0
PLDAGAT1801819Z1819Z1,0.0
PLDAGAT1801819Z1819Z2,0.0
PLDAGAT1801819Z1819Z3,0.0
PLDAGAT1801819Z1819Z4,0.0
PLDAGAT18111Z18111Z1601,0.0
PLDAGAT18111Z18111Z1602,0.0
PLDAGAT18111Z18111Z18111Z1,0.0
PLDAGAT18111Z18111Z18111Z2,0.0
PLDAGAT18111Z18111Z18111Z3,0.0
PLDAGAT18111Z18111Z1819Z1,0.0
PLDAGAT18111Z18111Z1819Z2,0.0
PLDAGAT18111Z18111Z1819Z3,0.0
PLDAGAT18111Z18111Z1819Z4,0.0
PLDAGAT18111Z1819Z1601,0.0
PLDAGAT18111Z1819Z1602,0.0
PLDAGAT18111Z1819Z18111Z1,0.0
PLDAGAT18111Z1819Z18111Z2,0.0
PLDAGAT18111Z1819Z18111Z3,0.0
PLDAGAT18111Z1819Z1819Z1,0.0
PLDAGAT18111Z1819Z1819Z2,0.0
PLDAGAT18111Z1819Z1819Z3,0.0
PLDAGAT18111Z1819Z1819Z4,0.0
PLDAGAT1819Z18111Z1601,0.0
PLDAGAT1819Z18111Z1602,0.0
PLDAGAT1819Z18111Z18111Z1,0.0
PLDAGAT1819Z18111Z18111Z2,0.0
PLDAGAT1819Z18111Z18111Z3,0.0
PLDAGAT1819Z18111Z1819Z1,0.0
PLDAGAT1819Z18111Z1819Z2,0.0
PLDAGAT1819Z18111Z1819Z3,0.0
PLDAGAT1819Z18111Z1819Z4,0.0
PLDAGAT1819Z1819Z1601,0.0
PLDAGAT1819Z1819Z1602,0.0
PLDAGAT1819Z1819Z18111Z1,0.0
PLDAGAT1819Z1819Z18111Z2,0.0
PLDAGAT1819Z1819Z18111Z3,0.0
PLDAGAT1819Z1819Z1819Z1,0.0
PLDAGAT1819Z1819Z1819Z2,0.0
PLDAGAT1819Z1819Z1819Z3,0.0
PLDAGAT1819Z1819Z1819Z4,0.0
SQDGATCA18111Z160,6.096761995514499e-05
SQDGATCA1819Z160,0.00018324535184649246
SQDGATPA18111Z160,6.0854211244744784e-05
SQDGATPA1819Z160,0.00018290385074660174
SQDGS160,0.00012581291380378982
SQDGS18111Z160,0.00014668301542297352
SQDGS1819Z160,0.0004683681027979911
SQDGW3DS1839Z12Z15Z160,3.9974320380771975e-05
SQDGW6DS1829Z12Z160,7.735771598181314e-05
TAGAH16018111Z160,0.0
TAGAH16018111Z180,0.0
TAGAH16018111Z18111Z,0.0
TAGAH16018111Z1819Z,0.0
TAGAH16018111Z1835Z9Z12Z,0.0
TAGAH16018111Z1845Z9Z12Z15Z,0.0
TAGAH1601819Z160,0.0
TAGAH1601819Z180,0.0
TAGAH1601819Z18111Z,0.0
TAGAH1601819Z1819Z,0.0
TAGAH1601819Z1835Z9Z12Z,0.0
TAGAH1601819Z1845Z9Z12Z15Z,0.0
TAGAH1801819Z160,0.0
TAGAH1801819Z180,0.0
TAGAH1801819Z18111Z,0.0
TAGAH1801819Z1819Z,0.0
TAGAH1801819Z1835Z9Z12Z,0.0
TAGAH1801819Z1845Z9Z12Z15Z,0.0
TAGAH18111Z18111Z160,0.0
TAGAH18111Z18111Z180,0.0
TAGAH18111Z18111Z18111Z,0.0
TAGAH18111Z18111Z1819Z,0.0
TAGAH18111Z18111Z1835Z9Z12Z,0.0
TAGAH18111Z18111Z1845Z9Z12Z15Z,0.0
TAGAH18111Z1819Z160,0.0
TAGAH18111Z1819Z180,0.0
TAGAH18111Z1819Z18111Z,0.0
TAGAH18111Z1819Z1819Z,0.0
TAGAH18111Z1819Z1835Z9Z12Z,0.0
TAGAH18111Z1819Z1845Z9Z12Z15Z,0.0
TAGAH1819Z18111Z160,0.0
TAGAH1819Z18111Z180,0.0
TAGAH1819Z18111Z18111Z,0.0
TAGAH1819Z18111Z1819Z,0.0
TAGAH1819Z18111Z1835Z9Z12Z,0.0
TAGAH1819Z18111Z1845Z9Z12Z15Z,0.0
TAGAH1819Z1819Z160,0.0
TAGAH1819Z1819Z180,0.0
TAGAH1819Z1819Z18111Z,0.0
TAGAH1819Z1819Z1819Z,0.0
TAGAH1819Z1819Z1835Z9Z12Z,0.0
TAGAH1819Z1819Z1845Z9Z12Z15Z,0.0
TM16018111Z,3.959352327435345e-06
TM1601819Z,0.0003695610399081353
TM18111Z18111Z,3.824482743731483e-06
TM18111Z1819Z,4.8817347753554865e-05
TM1819Z18111Z,2.4960467647199856e-05
TM1819Z1819Z,0.0002544345534166114
UDPSQS,0.0007408640320247543
G3PD1,0.0
G3PD2,0.010784491070927795
1AGPEAT1801819Z,0.0
1AGPEAT1801829Z12Z,0.0
1AGPEAT1801835Z9Z12Z,0.0008557769598123264
1AGPEAT1801845Z9Z12Z15Z,0.0
1AGPEAT18111Z1819Z,0.001555746482475342
1AGPEAT18111Z1829Z12Z,0.0
1AGPEAT18111Z1835Z9Z12Z,0.0
1AGPEAT18111Z1845Z9Z12Z15Z,0.0
1AGPEAT1819Z1819Z,4.484992727003188e-21
1AGPEAT1819Z1829Z12Z,0.0
1AGPEAT1819Z1835Z9Z12Z,0.0
1AGPEAT1819Z1845Z9Z12Z15Z,0.0
1AGPEAT1829Z12Z1835Z9Z12Z,0.0
CDIPT18111Z160,9.875456762905243e-05
CDIPT1819Z160,1.3293884103910874e-05
CDPDAGS18111Z160,9.875456762905243e-05
CDPDAGS18111Z160h,5.456106587319504e-05
CDPDAGS1819Z160,1.3293884103910876e-05
CDPDAGS1819Z160h,0.0003665320031149246
ETHAK,0.0003358695995527139
ETHAPT1801819Z,0.00015430081523981352
ETHAPT18111Z1819Z,0.00016641386194001865
ETHAPT1819Z1819Z,1.515492237288178e-05
GPDDA2,-9.701839870727305e-20
LPLPS1AGPE180,0.0
LPLPS1AGPE18111Z,0.0
LPLPS1AGPE1819Z,0.0
LPLPS1AGPE1829Z12Z,0.0
PETHCT,0.00033586959955271393
PGD3TDS18111Z1613E,2.311949949735033e-05
PGD3TDS1819Z1613E,2.311949949735033e-05
PGD3TDS1829Z12Z1613E,0.0001728103578401266
PGD3TDS1839Z12Z15Z1613E,6.339519659516391e-05
PGPP18111Z160,0.0
PGPP18111Z160h,5.456106587319504e-05
PGPP1819Z160,0.0
PGPP1819Z160h,0.00036653200311492453
PGPS18111Z160,0.0
PGPS18111Z160h,5.456106587319504e-05
PGPS1819Z160,0.0
PGPS1819Z160h,0.0003665320031149246
PGW3DS1839Z12Z15Z160,0.00010132917758445992
PGW6DS1829Z12Z160,0.00031197093724172944
PLPSA21801819Z,0.00015430081523981344
PLPSA21801829Z12Z,9.026602881644539e-20
PLPSA21801835Z9Z12Z,0.0
PLPSA21801845Z9Z12Z15Z,0.000701476144572513
PLPSA218111Z1819Z,0.0
PLPSA218111Z1829Z12Z,0.0
PLPSA218111Z1835Z9Z12Z,0.0015557464824753418
PLPSA218111Z1845Z9Z12Z15Z,0.0
PLPSA21819Z1819Z,0.0
PLPSA21819Z1829Z12Z,0.0
PLPSA21819Z1835Z9Z12Z,0.0
PLPSA21819Z1845Z9Z12Z15Z,0.0
PLPSA21829Z12Z1835Z9Z12Z,0.0
PLPSD1801819Z,0.0
PLPSD1801829Z12Z,0.0
PLPSD1801835Z9Z12Z,0.0
PLPSD1801845Z9Z12Z15Z,0.0
PLPSD18111Z1819Z,0.0
PLPSD18111Z1829Z12Z,0.0
PLPSD18111Z1835Z9Z12Z,0.0
PLPSD18111Z1845Z9Z12Z15Z,0.0
PLPSD1819Z1819Z,0.0
PLPSD1819Z1829Z12Z,0.0
PLPSD1819Z1835Z9Z12Z,0.0
PLPSD1819Z1845Z9Z12Z15Z,0.0
PLPSD1829Z12Z1835Z9Z12Z,0.0
SERDC,0.0003358695995527145
G3PD3,0.24534135128484288
DHAPT,0.0
GHMT,0.10976402068179639
GLYATx,0.0
GLYCOR_nadp,0.24727660051744157
SGAT,0.0
SPTA,-0.24727660051744157
THRA,0.0
THRAL,0.4903592155272348
2HGOR,0.0
SERR,0.0
THRAL2,0.0
AMO,0.0
AOBUTDxs,0.0
DHLDH,0.0
GCLDH,0.0
GLYCDH,0.0
GLYDHD,0.0
GLYPT,0.0
GLYTA,0.0
GLYTL,0.01675820675308711
GLYTLm,0.0
HSK,0.03885374927425486
PGLYCPh,0.0
PGLYDH,0.13955079677952517
PSAT,0.1395507967795252
PSP,0.1395507967795252
SERTL,0.0033516413300375965
THRS,0.03845933562739168
THRTL,0.013406565423049513
THRTLm,0.0
GLYTAH,0.0
SERTAH,0.0
THRTAH,0.0
ASADH,0.04181107985655571
ASPK,0.041811079856555716
HSDH,0.03885374927425486
A1E,-0.0005920883403021641
ENO,16.907522294642252
ENOf,0.0
ENOm,-16.907522294642256
FBAf,0.0
FBAh,0.0
FBAm,0.0
G6PI,0.0
G6PIh,0.0
GAPDHf,0.0
GAPDHh,0.0
GAPDHm,0.0
PGCM,0.0
PGIA,-0.011819207119734063
PGIAh,-0.060459774918133265
PGIB,0.0
PGIBh,0.0
PGM,0.0
PGMf,0.0
PGMm,0.0
PGMTh,-0.06045977491813326
PQQm,-0.26229638545059597
ACP,0.0
ACPh,0.0
ALCDH_pqq_x,0.26229638545059597
GAPDHi,1.0744294966479728
GLUKA,0.0017762650209064922
GLUKAh,0.0
GLUKB,0.0
GLUKBh,0.0
PFKh,0.0
PDHe2hr,0.0
PDHe2r,0.0
PDHam1hi,0.005323195068721347
PDHam1mi,-1.028991264359991e-07
PDHam2hi,0.0
PDHam2mi,0.0
PDHe3hr,0.0
PGKf,0.0
PGKh,-2.5253751761094767
PGK,1.074429496647973
PGKm,0.0
TPIh,-1.6084118465853945
PYK,16.86757309901181
PYKf,0.0
PYKm,0.0
PDCh,0.0
PDCm,0.0
PDHe3mr,0.0
CAT,0.0
HOXPRm,0.0
ATPCS,0.0
FKYNH,0.0
FORAMDx,0.0
FTHDF,0.0
FTHFL,0.2552412170913554
GLYCK,0.0
GLYCLTD,0.0
GLYDH,0.0
HDAO10x,0.0
ICL,0.0
MTHFCx,0.2453298780321312
PGLYCPx,0.0
RBCh,0.0
ACS,0.0
MALSh,0.0
MALSm,0.0
MALSx,5.07612644467976e-16
GDPMT,0.0
MM3,0.0
AOOA,-0.000197155348143593
AOOAh,0.0
ADPART,0.00019715534814359297
ALDH_im4ac,0.0
AO,0.0
HDC,0.0
HDH,0.00019715534814359302
HDHh,0.0
HISTL,0.000197155348143593
HP,0.000197155348143593
HPh,0.0
IGPD,0.00019715534814359302
IGPDh,0.0
IMGPS,0.00019715534814359297
IMGPSh,0.0
PRACH,0.00019715534814359294
PRACHh,0.0
PRADP,0.00019715534814359297
PRADPh,0.0
PRICI,0.00019715534814359294
PRICIh,0.0
HISTAH,0.0
AMI3TP,0.0
AMITKP,0.0
AMITKPn,0.0
AMITP,0.0
AMITPn,0.0
IBPH,0.0
IBPHn,0.0
IPKK,0.0
ITK1K,0.0
ITKK,0.0
ITKPH,0.0
ITKPHn,0.0
ITKPK,0.0
ITPH,0.0
MI1PP,0.0
MI3PP,0.013595472140640552
MI3PSA,0.013595472140640554
MI3PSB,0.0
MI4PP,0.0
MIBP,0.0
MIHKPP,0.0
MIOOR,0.01348342368890759
MITKP,0.0
MITP,0.0
MITPn,0.0
MMSD,0.0
PAIL4PT18111Z160,0.0
PAIL4PT1819Z160,0.0
PAIL45PT18111Z160,0.0
PAIL45PT1819Z160,0.0
PAIL45PH18111Z160,0.0
PAIL45PH1819Z160,0.0
PAIL45ITPH18111Z160,0.0
PAIL45ITPH1819Z160,0.0
PAIL3PT1819Z160,0.0
PAIL3PT18111Z160,0.0
13HODEOR,0.0
13HPODEDH,0.0
LLOX13,0.0
LNLCCOADS,0.0
DAPAT,0.0029573305823008458
DAPEP,0.0029573305823008453
DAPDC,0.0029573305823008453
DHDPS,0.0029573305823008453
DHPR,0.0029573305823008453
LYSTLm,0.0
LYSTL,0.0029573305823008453
LYSTAH,0.0
COORr,1.1473252712792204e-05
MMAOR,0.0
ADSH,-0.0007170304964527507
ADSHm,0.0044260933951312895
M5TRPH,0.0007055572437399582
ACDO,0.0007055572437399584
ACDO_co,0.0
ACPCS,0.0
ACRS,0.0007055572437399583
ACRSP,0.0007055572437399583
AHAL,0.0
AHHST,0.0
AHSL,0.0
CBL,0.0003944136468631841
CYSTS,0.00039441364686318404
DMT,0.0
M5TAP,0.0
M5TRK,0.0007055572437399582
M5TRPI,0.0007055572437399583
MAT,0.0
MATm,0.004426299193384162
METTF,0.0
METTL,0.0003943107477367504
MOTA,0.0007055572437399584
MS,0.0
METTAH,0.0
AMCL,0.0
APAPT,0.0
APAPTm,0.0
MTAN,0.0007055572437399583
BDMT,0.0005920883403021642
DOLASNT,0.0005920883403021641
DOLDPP,0.0005920883403021641
DOLPGT1,0.0005920883403021642
DOLPGT2,0.0005920883403021642
DOLPGT3,0.0005920883403021641
DOLPMT,0.0023683533612086564
DOLPMT1,0.0005920883403021642
DOLPMT2,0.0005920883403021641
G12MT1,0.0005920883403021642
G12MT2,0.0005920883403021642
G12MT3,0.0005920883403021641
G12MT4,0.0005920883403021641
G13MT,0.0005920883403021642
G16MT,0.0005920883403021642
GLCNACPT,0.0005920883403021642
GLCNACT,0.0005920883403021643
MG1A,0.0
MG1B,0.0005920883403021641
MG2A,0.000592088340302164
MG2B,0.0
MG3A,0.000592088340302164
MG3B,0.0
MM1,0.000592088340302164
MM2,0.000592088340302164
UDPDOLPT,0.0017762650209064922
ANNA,0.00011725355718463912
ANNAn,0.0
ANNAT,1.1473252859338472e-05
ANNATn,0.0
NAPT,-1.147325285933847e-05
NNOR,0.0
NRPH,0.0
AN2PT,2.299795528303382e-05
DNGAL,0.0
DNGALh,0.0
DNNH,0.0
N2PH,0.0
NAAH,0.0
NADS1,0.00011725355718463914
NARP,0.0
NPH,0.0
NRS,0.0
ASPO2m,0.00011725355718463912
QULNS,0.00011725355718463912
NNDPR,0.00011725355718463912
AMID,0.0
CPS,0.0
FORA,0.0
GLUS_nadph,0.0
GLYS,0.13139956469393863
NITR,0.0
NITR_NO,0.0
NO2R,0.0
NODOx,0.0
NODOy,0.0
URCBm,5.07612644467976e-16
HISD,0.0
HYNE,0.0
OGMG,0.0
URCN,0.0
A2GALT1,0.0
A2GALT2,0.0
A2GALT3,0.0
A2GALT4,0.0
A2GALT5,0.0
A2GALT6,0.0
A3GALT1,0.0
A3GALT2,0.0
A3GALT3,0.0
A3GALT4,0.0
A3GALT5,0.0
A3MT,0.0
A4GALT,0.0
B2ARAT1,0.0
B2ARAT2,0.0
B2ARAT3,0.0
B2ARAT4,0.0
B2ARAT5,0.0
B4ARAT,0.0
B5ARAT,0.0
G6MT1,0.0
G6MT2,0.0
PROAKGOX1,0.0
FPGFTh,0.0
FPGFTm,0.0
MDUMT,6.281611085444526e-05
METSm,0.004103476545541725
MTAM_nh4,0.0
MTHFOR_nadp,-0.24532987803213122
DHFR2i,0.0
DHFRi,6.281611085444526e-05
FGFTh,0.0
FGFTm,0.0
FOLR2,0.0
FTAL,0.0
FTCL,0.0
FTHFO,0.0
MTAM,0.0
MTHFO,0.004103476545541725
MTHFO_nadp,0.0
ATPSm,34.08853579988016
CCP2m,0.011669807505205472
CYOO6m,5.108612446979942
CYOR_q8_m,10.228894701465089
IDPh,0.09756535135683653
IDPm,0.0029976981146633366
NADHOR,10.22889470146509
NADHOR_2m,0.0
NADHOR_2h,0.0
IDP,0.8377260581721696
2DHPFALDL,0.0
ACPS1,0.0
ACPS1h,0.0
APPAT,0.0
BCTA_val_m,0.023067178716875112
PNORm,0.0
PNORn,0.0
ACPS1m,0.0
ADCPT,0.0
APCPT,0.0
APNPT,0.0
APPT,0.0
CYSCL,0.0
DMHL,0.0230671787168751
DMORh,0.023067281616001543
DMORm,-1.028991264359991e-07
MTMOHT,0.0
PBALm,0.0
PPATDh,0.023067281616001543
PPATDm,0.0
PPCL,0.0
PPCL_CTP,0.0
XU5PDPT,0.0
GLCUR1PUT,0.01348342368890759
PPM,0.0
PPMh,0.0
RPDPK,0.00019715534814359302
TAh,0.7273089666578998
DRBK,0.0
G6PADH,0.0
G6PADHh,0.0
G6PBDH,0.0
G6PBDHh,0.0
GNKh,0.0
PGDH,0.0
PGDHh,0.0
PGLh,0.0
RBK,0.0
RPEh,-1.2556342291936802
RPIh,0.6140435055748072
TKT1h,-0.6248597840145391
TKT2h,-0.630774445179141
RPE,0.0
CHRM,0.005717505816458097
DQDH,0.00591466116460169
POAT,0.0
POATh,0.0
POATm,0.0
PRAI,0.00019715534814359302
PSCIT,0.005914661164601689
SKDH,0.00591466116460169
TYRTA,-5.99702027567528
TYRTAh,0.00019715534814359302
TYRTAm,5.99702027567528
ANTPPT,0.00019715534814359302
ATNS,0.0
ATNS_nh4,0.00019715534814359305
CHRS,0.005914661164601689
DHQS,0.005914661164601691
DPHS,0.005914661164601689
G3PL,0.0
IGPS,0.00019715534814359302
PHETLm,0.0
PPDH,0.0
PPOR,0.000197155348143593
SERH,0.00019715534814359302
SKK,0.005914661164601689
TRPS2h,0.0
TRPTL,0.00019715534814359302
TYRTL,0.00019715534814359302
AROAT,0.0
AROATh,0.0
AROAT2,0.005520350468314505
AROAT2h,0.0
AROORh,0.0
AROHL,0.005520350468314504
AROHLh,0.0
PHETL,0.005520350468314505
PHETAH,0.0
TRPTAH,0.0
TYRTAAH,0.0
ATPSh,7.463853871391526
CBFC,14.927205554771087
CEF,0.0
FNORh,14.927205554771087
PSIblue,0.0
PSIIblue,0.0
PSIred,14.927205554771087
PSIIred,7.463602777385543
SUCDHh,0.0
PTOR,0.0
ABOR,0.0
AGDI,0.0
AGDIn,0.0
ARDC,0.0
CMPA,0.0
ORDC,0.0
ORDCh,0.0
CHLADMT,0.0
CHLAE,0.0
CHLDADMT,0.0
CHLDAO,0.0008513304318262721
CPP1O,0.0
CPP3O,0.0
DVCHLDR,0.001370129049118935
DVPCHLDR,0.0
G1SAT,0.01096103239295148
HEMELh,0.0
HEMELm,0.0
MPMT,0.0013701290491189347
PC2D,0.0
PHPHBDDMC,0.0
PPBNGD,0.0013701290491189351
TFENFEOR,0.0
UPP1R,0.0
UPP3O,0.0
APOFETNs,0.0
BILIRED,0.0
CHLASE,0.0
CHLASG,0.0
CHLASP,0.0005187986172926628
CHLBSG,0.0
CHLBSP,0.0008513304318262721
CPPPGO,0.001370129049118935
DVPCHLD450OR,0.0
DVPCHLD646OR,0.001370129049118935
FCLT,0.0
FE2TFENR,0.0
FERO,0.0
GGCHLDAR,0.0
GGCHLDBR,0.0
GLUTRR,0.010961032392951478
GLUTRS,0.010961032392951481
HEMEASm,0.0
HEMEOSm,0.0
HOXG,0.0
MPMECY1,0.0013701290491189347
MPMECY2,0.0013701290491189347
MPMECY3,0.0013701290491189347
MPML,0.0013701290491189347
PCHLD450OR,0.0
PCHLD646OR,0.0
PCHLDR,0.0
PPBNGS,0.005480516196475741
PPPGO,0.001370129049118935
SHCHF,0.0
UPP1S,0.0
UPP3MT,0.0
UPP3S,0.001370129049118935
UPPDC1,0.001370129049118935
UPPDC2,0.0
HCHLDAOR,0.0
CPPPGOR,0.0
PHYTOLK,0.0
HOXGh,0.0
PCBOR,0.0
ACCAHh,-0.019729575135620726
ACCAHm,0.019729575135620722
APAT,-0.0015458546359054643
APPTh,0.0
APPTm,0.0
HPCOR,-0.018183720499715346
HPHL,-0.018183720499715346
HPHLm,0.0
OCDOR,-0.018183720499715346
PACPT,-0.001545854635905464
PCNO,0.018183720499715346
PCNOn,0.0
HICH,0.0
MCDC,0.01266927127281644
PCFPTh,8.617669753581056e-17
PCFPTm,0.019729575135620722
PCPPTh,0.0
PCPPTm,0.0
PPACOAL,0.0
PPACOALh,0.0
PPACOALm,0.0
PS_asn_L_c,0.0005920883403021642
AIAL,0.0048513552291839035
APPRT,0.0007055572437399583
ATAH,5.076126444679759e-16
DAMPH,0.0
DMPH,0.0
FPAIF,0.0050485105773274965
FPGFT,0.004862828481896696
GBDP,0.0
GDTP,0.0
GPAR,0.0
HPRT,-0.003022370548939776
ICH,0.0050485105773274965
PRAIC,0.0048513552291839035
PRAICh,0.0
UGAH,0.0
XPPRT,0.003022370548939268
URDGLYCAH,5.076126444679759e-16
AAL_fum,0.002026139992015045
AASP,0.0
AASPh,0.0
AASPm,0.0
ADATT,0.0
ADEC,0.0
ADECn,0.0
ADEDA,0.0
ADNDA,0.0
ADNK,0.0
ADNKm,0.004414825940528571
ADPA,0.0
ADRH,0.0
ADSS,0.0020261399920150453
ADSSh,0.0
AGPOP,0.00011198620229572755
AGPOPm,0.0
AGPT,0.0030223705489392685
AMP5N,0.000705763041850032
AMPD,0.0
APATT,0.0
APN,0.0
APNn,0.0
ARDP,0.0
ATAH_co2,0.0
ATAM,0.7948083804316487
ATAMh,0.011158187741095064
ATAMm,0.002880444557482445
ATDAM,9.021539773417911e-19
ATDAMh,0.0
ATDAMm,0.0
ATDGD,0.0
ATDGDm,0.0
ATDGM,0.0
ATGD,0.0
ATGDm,0.0
ATID,0.0
ATIDm,0.0
ATNAH,5.07612644467976e-16
ATPPH,0.0
ATPPHm,0.0
ATS,5.07612644467976e-16
BPNT,0.0
BTP,0.0
BTPS,0.0
DAOTO,6.2772584522969e-05
DAPOP,0.0
DGOTO,0.00011198620229572755
DGTD,0.0
GCPN,0.0
GCPNn,0.0
GDPA,0.0
GMP5N,0.0
GMPS,0.003022370548939268
GMPS_glu,0.0
GMPS_glu_m,0.0
GMPSm,0.0
GTPA,0.0
GTPDPK,0.0
GTPOP,0.028007887098945663
GTPOPm,0.0
GUAC,0.0
GUACn,0.0
GUAD,0.0
HIUH,5.07612644467976e-16
I5NT,0.0
IDPA,0.0
IMPD,0.0
IMPDm,0.0
ISRH,0.0
ITPA,0.0
ITPP,0.0
NDPK,6.27725845229699e-05
NDPKm,0.0
NTDP,0.0
NTPD,0.0
PAPSTYRST,0.0
PPRGL,0.004862828481896696
PPRGLh,0.0
PRAIS,0.0048513552291839035
PRAISh,0.0
PRDPAR,0.004862828481896695
PRFGCL,0.004862828481896697
PRFGCLh,0.0
PRFGS,0.004862828481896696
PRFGSh,0.0
R5PDP,0.01059617658624419
RSPN,0.0
SUAT,0.0015442001029095731
URO,5.07612644467976e-16
X5NT,0.0
XANDH,0.0030223705489397755
XNDH,0.0
XTSNRH,0.0
ATAMf,0.0
AGPTf,0.0
URO2,0.0
URIH,0.0
INSH,0.0
DGSNPT,0.0
DAD2PT,0.0
DCYTPT,0.0
DHR,0.004701908702420473
DHRO,0.004701908702420473
DHROm,0.0
ORPRT,-0.004701908702420473
UPRT,0.0
ASPCT,0.0
ASPCTm,0.004701908702420472
ATCD,0.009403731817314536
ATCDm,0.0
ATCM,0.009515796788893348
ATCY,0.0
ATDCD,0.00011206497157881117
ATDCDm,0.0
ATDCM,0.0
ATDTD,6.281611085444524e-05
ATDTDm,0.0
ATDTM,6.281611085444524e-05
ATDUD,6.281611085444437e-05
ATDUDm,0.0
ATUD,0.0
ATUDm,0.025419175495352195
AUPT,0.0
CDDA,0.0
CDPPH,0.0
CMP,0.0
CSDA,0.0
CTPH,0.0
CYRH,0.0
DATCY,0.0
DATUP,0.0
DCAH,0.0
DCDT,0.00011206497157881117
DCMAH,0.0
DCMP,0.0
DCTCP,0.0
DCTUP,0.0
DGTCY,0.0
DGTUP,0.0
DTMPK,0.0
DTNH,0.0
DTPH,0.0
DTTGY,0.0
DTTUP,0.0
DUDT,6.28161108544425e-05
DURIK1,0.0
DUTCP,0.0
DUTNH,6.281611085444437e-05
DUTUP,0.0
GTCY,0.0
GTUP,0.0
HCGAL,0.0
HCGALm,0.029149175062098995
ITCY,0.0
ITUP,0.0
NTD1,0.0
ORPDC,0.004701908702420473
TDSR,0.0003496398692519502
TDSRh,0.0015442001029095734
TMDK1,0.0
TPH,0.0
UDPGP,0.0
UMPK,0.005293997042722639
UMPP,0.0
UPH,0.0
UTAL,0.0030130143943923725
UTCY,0.0
UTGAL,0.0
UTPH,0.0
UTPPH,0.0
UTUP,0.0
ATCMf,0.0
ATDCMf,0.0
UMPKf,0.0
ACKrh,-0.4600458216280879
ACKrm,0.7214831693471104
ASPAT,-5.223756264623347
LALDD2,0.0
LDHm,0.0
LLDHh,0.0
LLDHm,0.0
PTArh,0.46004582162808794
PTArm,-0.7214831693471104
ACACT,0.0
ACALD,0.0
ACALDh,0.0
ACCOAhi,0.0
ACDHi,0.0
ACDHmi,0.262296385450596
ALCDH_nadp_hi,0.0
ALCDH_nadp_i,0.0
ALCDHi,0.0
ALCDHmi,0.0
ALDDH,0.262296385450596
ALDDHm,0.0
APhi,0.0
D_LACDHm,0.0
GLYOXm,0.0
IPPSh,0.0
LALDD1,0.0
LGTHL,0.0
LLDH_ferr_m,0.0
LLDH_ferr_x,0.0
PFLACTm,0.0015558791539181437
PFLh,0.23267952698999078
PYRDC,0.0
PYRShi,0.0
HYDAh,0.0
HYDA,0.0
HYDAm,0.0
CRETINOLOR1,5.3396248155731306e-08
CRETINOLOR2,0.0
TRETINOLOR1,0.0
TRETINOLOR2,0.0
BATHORHODOPSINI,0.0
CAROMO,0.0
CRETINOLPMTACT,0.0
LUMIRHODOPSINI,0.0
METARHODOPSINH,0.0
RETACIH,5.339624815573129e-08
RETINOLACACT,5.3396248155731306e-08
RETINOLSAT,0.0
RETPALMIH,0.0
RHODOPSINI,0.0
RHODOPSINRT,5.33962481557313e-08
TRETINOLPMTACT,0.0
DBRC,1.8728900079028414e-13
AFAT,1.1473252859338784e-05
ARPT,1.1473252749565348e-05
ARZS,0.0
AUNOR,1.1473252672049782e-05
AUS,1.1473252672049782e-05
DHPAH,1.1473252672049782e-05
DLDLBT,2.2946505344099564e-05
GTPDH,1.1473252672049782e-05
NNPRT,0.0
R5PFL,2.2946505344099567e-05
R5PPH,0.0
RIBFS,1.1473252672049784e-05
ACSERL,0.0
ACSERLh,0.0
ACSERLm,0.0
SEAHCYSHYD,0.0
ACHMSSELCYSL,0.0
ACHMSSELCYSLh,0.0
PHOMSELCYSL,0.0
PHOMSELCYSLh,0.0
SELCYSLY2,0.0
SELCYSTL,0.0
SELCYSTLh,0.0
SELTORc,0.0
SELTORm,0.0
SUCHMSSELCYSL,0.0
SUCHMSSELCYSLh,0.0
SECYSTL,0.0
SLCS,0.0
SLDK,0.0
PRISM_solar_litho,0.0
PRISM_solar_exo,0.0
PRISM_incandescent_60W,0.0
PRISM_fluorescent_warm_18W,0.0
PRISM_fluorescent_cool_215W,0.0
PRISM_metal_halide,0.0
PRISM_high_pressure_sodium,0.0
PRISM_growth_room,0.0
PRISM_white_LED,0.0
PRISM_red_LED_array_653nm,0.0
PRISM_red_LED_674nm,0.0
PRISM_design_growth,46.76857892356498
SGOR,0.0
3DSPHR,0.0
PSPHS,0.0
SERPT,0.0
SGPL11,0.0
SGPL13,0.0
SLCBK1,0.0
SPHK21,0.0
SPHINGSAT,0.0
SPHGNAT,0.0
DHCERAH,0.0
CERAH,0.0
DHCEROR,0.0
PHYCERAH,0.0
UGE,0.0
AATHA,0.0
AATHB,0.0
ABFPT,0.0
ABFPTh,0.0
BFFS,0.0
SAGH,0.0
SPP,0.0
THP,0.0
UFAGT,0.0
UG6PGT,0.0
UG6PGTn,0.0
UGDC,0.01348342368890759
UGDH,0.0
UG1PUT,0.006112482534274244
GLPThi,0.06903088299470542
STARCH300DEGR2A,0.0
STARCH300DEGR2B,0.0
STARCH300DEGRA,6.52604e-05
STARCH300DEGRB,0.0
STARCH300S,0.00023010294331568475
PAPSPHENST,0.0
TSULe,0.0
TSULc,-1.0289912643599909e-07
ARSO4SH,0.0
BPNT2,0.0
SULO,0.0
SULOm,0.0
SULR_ferr,0.0008033360708848193
SULRi,0.0
ACONT,0.06951921387898
ACONTx,0.0
AKGDHe2r,0.0
SUCL_gdp_m,0.0
AKGDHmi,0.0
CS,0.06951921387897948
CSm,0.0
CSx,5.07612644467976e-16
ICDHm,0.0
MDH_nadp_fi,0.0
ICDH_nad,0.06951921387897998
PCr,5.287755128034012
MDHf,0.0
MDHh,-0.9009243607920574
MDHm,-10.888990513605762
MDHx,-5.07612644467976e-16
ACONTm,0.0
FUMm,0.03132476158087747
ICDH,0.0
ICDHhr,0.0
SUCLm,0.0
SUCDH_q8_m,6.267571591838109e-18
SUCDHm,0.0
PPCKm,16.907522294642252
PPCK,0.0
DEDOLDPS,0.0
DEDOLDPSAT,0.0
TTCGGDPS,0.0
SPPS1,0.0
SPPS2,0.0
AMPMPFL,1.1473252712792204e-05
AMPMPPT,1.1473252712792204e-05
TTS,1.1473252859338469e-05
ADPEMTCH,1.1473252859338469e-05
AMPMPPMT,1.1473252859338469e-05
MHETK,0.0
TMDPT,0.0
THMPPPT,0.0
TMDPH,4.978385702185827e-19
1ACPCth,-0.019729575135620726
23DHMBth,-0.023067281616001543
23DHMPth,0.0
2PGLYCth,0.0
2PGth,0.0
3C3HMPth,0.0
3MOBth,-0.013406565423049514
3PG_pi_thr,-1.0744294966479728
4ABUTth,0.0
5MTAth,0.0
6PGLthr,0.0
ACCOAth,0.6698644611070278
ACth,-0.4623934111981305
AIRth,0.0
AKG_na_th,-0.37019720725589716
AKGMALth,0.0
ALABth,0.0
AMETAMth,0.0
AMETt2h,-0.0013701290491189347
AMPth,-1.0656714333358831e-17
ASPNA1th,0.0
ASPSAth,-0.0029573305823008453
ASPth,-0.8591132809355019
CMPth,-0.009067878737607674
COAth,0.0
CTPth,0.009067878737607674
CYSth,0.0
DHAP_pi_thr,-0.24545860484202753
DMPPth,0.0
ETOHth,0.0
FA160h,0.04250165580601021
FA1619Zh,0.0
FA180h,0.000995051926791581
FA18111Zh,0.0027593555032384702
FA1819Zh,0.0
FADH2th,0.0
FADth,0.0
FRDPth,0.00034985703786325026
G1P_pi_th,-0.006112482534274242
G3P_pi_thr,1.0744294966479728
G6PA_pi_th,0.0
G6PB_pi_th,0.0
GALth,-0.0001875130120683419
GLNth,0.3831113621757801
GLYCLTth,0.0
GLYCth,0.0
GLYNA1th,0.0
GLYth,0.0019531225269312075
GRDPth,0.0
H2Oth,0.0
H2th,0.0
HCYSth,-0.0003944136468631841
HGENTISth,0.0
HISth,0.0
ILEth,-0.005323195068721347
IMPth,0.0
IPDPth,0.0
LEUth,0.0
LNLCth,0.0
MAL_na_th,-10.857665752024884
MANth,-0.004894529999999999
METHFth,0.0
MG2th,0.001370129049118935
NA1Hth,12.921998049023815
NA1th,-1.6941350897430327
NADHth,0.0
NADPth,5.344204768329162e-17
NH4th,-0.22209128521010338
NO2th,0.0
O2thr,0.033163540047639474
PAPSPAPthr,0.0
PHEMEth,0.0
PHEth,0.0
PMTCOAth,0.0
PPAth,0.0
PPCOAth,-8.617669753581054e-17
PPHNth,-0.005520350468314504
PTRCthr,0.0
PYRth,11.560423399254041
R5Pth,-0.010596176586244191
RIBFLVth,-1.1473252672049784e-05
SERNA1th,0.0
SERth,0.3533531102696477
SO3t,0.0
SQDG18111Z160th,0.00012182183119988981
SQDG1819Z160th,0.0003661492025930942
SUCFUMthr,0.0
THRNA1th,0.0
THRth,-0.013406565423049516
TRPth,-0.00019715534814359302
TYRth,-0.00019715534814359302
UDPGALth,0.0035953534813429966
UDPGth,0.0007408640320247543
UDPth,-0.003595353481342999
UMPth,0.0035953534813429966
VALth,0.013406565423049514
GTHRDth,0.001953122526931208
ASCBth,0.0
BTNth,-2.347310068085549e-15
DAD5tm,0.0
DAD5th,0.0
METth,0.0
THMPPth,0.0
H2O2th,-0.006850645245594673
AMETth,0.0
GTPth,1.1473252672049782e-05
SO4th,0.0
PCBth,0.0
COth,0.0
4ABUTthi,0.0
ACSERthi,0.0
ATP_3h_th,0.0
CO2th,0.0
F6P_pi_thi,0.03607474656062546
F6PBth,0.0
FE2th,0.0
FE3abch,0.0
FORthi,0.23271394674800702
GLU4ABUTthi,0.0
GLUNA1th,0.0
GLUth,0.0
GLYC3Pth,0.006453193502272613
HCO3_h_thi,13.582615500241086
MALGLUth,0.0
MALOAAth,0.0
NA1ATPaseh,0.0
NADPHth,0.0
NADth,-9.553493501419631e-17
PEPPIth,0.011829322329203378
PINA1th,0.0
PPIth,0.0
TSULth,0.0015442001029095734
5FLURAt,0.0
5FTHFt,0.0
6MPURt,0.0
ACt,0.0
ADEt,0.0
ADtr,0.0
ALLTNt,0.0
ALLTTt,0.0
ARG_Lt,0.0
CITALt,0.0
CO2t,2.0000000515103213
GLNt,0.0
GLYCLTt,0.0
GUAt,0.0
H2Ot,1.4535931924566083
HISt,0.0
HXANt,0.0
LEUt,0.0
LIDOt,0.0
MEGLYXYLt,0.0
MG2t,0.0013701290491189347
NH4t,0.34394106837972394
NO2t,0.0
NO3t,0.0
O2t,5.174303328326513
ORNt,0.0
PIt,0.029365090401872407
RIBt,0.0
SELTt,0.0
SO4NA1t,0.0
SO4t,0.0015442001029095731
SUCCt,0.0
TEGAt,0.0
TGUAt,0.0
TSULt,0.0
URATEt,0.0
UREAt,0.0
ASCBNA1t,0.0
XANNA1t,0.0
URANA1t,0.0
MEOHtm,0.0
MEOHt,0.0
NMNt,0.0
NCAMt,0.0
THMt,0.0
COt,0.0
D_LACti,0.0
ETOHti,0.0
FE2GTPabc,0.0
FE3t,0.0
FEROt,0.0
FORti,0.0
H2ti,0.0
HATPase,0.5021649159671694
HCO3_h_ti,0.0
PAIL18111Z160t,0.0
PAIL1819Z160t,0.0
PE1801819Zt,0.0
PE1801829Z12Zt,0.0
PE1801835Z9Z12Zt,0.0
PE1801845Z9Z12Z15Zt,0.0
PE18111Z1819Zt,0.0
PE18111Z1829Z12Zt,0.0
PE18111Z1835Z9Z12Zt,0.0
PE18111Z1845Z9Z12Z15Zt,0.0
PE1819Z1819Zt,0.0
PE1819Z1829Z12Zt,0.0
PE1819Z1835Z9Z12Zt,0.0
PE1819Z1845Z9Z12Z15Zt,0.0
PE1829Z12Z1835Z9Z12Zt,0.0
PG18111Z160t,0.0
PG1819Z160t,0.0
PGP18111Z160t,0.0
PGP1819Z160t,0.0
ACCOAts,5.33962481557313e-08
ACts,-5.339624815573129e-08
COAts,-5.3396248155731306e-08
H2Ots,-1.285556684707187e-23
HDCAts,0.0
Hts,0.0
NADHts,-5.3396248155731306e-08
NADPHts,0.0
NADPts,0.0
NADts,5.339624815573131e-08
PMTCOAts,0.0
RETINALts,0.0
NADPHtf,0.0
NADPtf,0.0
OAAtf,0.0
FDPtf,0.0
H2Otf,0.0
PItf,0.0
PYRtf,0.0
2PGLYCtx,0.0
3PGtx,0.0
ACCOAtx,-0.27926289286906086
ASNtx,0.0
ASPtx,0.0
CITx,-5.07612644467976e-16
CO2tx,0.0
COA_h_tx,-0.03393301483693061
GLXtx,5.076126444679759e-16
H2Otx,0.0
NADH_h_tx,-0.24532987803213183
NADtx,-0.24532987803213177
NH4tx,0.0
O2tx,0.0
PItx,0.0
10FTHFtx,0.2453298780321312
ACACtx,0.0
ACALDtx,-0.262296385450596
ALANA1tx,0.0
ALAtx,0.0
ETOHtx,0.262296385450596
FADH2tx,-0.24532987803213008
FADtx,0.2453298780321301
GLYCLTtx,0.0
GLYtx,0.0
H2O2tx,0.0
METHFtx,-0.2453298780321312
NADPHtx,0.0
NADPtx,0.0
FA160COAabcp,0.03523281053253343
FA40COAabcp,0.0012997956956040497
FORtxi,0.0
4HPROtg,0.0
AHCYStg,0.0
AMETtg,0.0
Htg,0.0
UDPARAtg,0.0
UDPGALtg,0.0
UDPtg,0.0
GTHRDtm,0.0
1ACPCtm,0.019729575135620726
23DHMBtm,0.023067281616001536
2DHPtm,0.0
2PGtm,-16.907522294642252
34HPPt2m,5.99702027567528
3MOPtm,0.0
4ABUTtm,0.0
4MOPtm,0.0
5FTHFtm,0.0
5MTAtm,0.0
ACACtm,0.0
ACCOAtm,-0.46074245725217977
ACtm,0.7214831693471104
ADNtm,-1.1267454602719183e-05
AKG_na_tm,0.0
AKGCITtm,0.0
AKGICITtm,0.0
ALABtm,0.0
ALANA1tm,0.0
ALAtm,0.0
ALLTNtm,0.0
ALLTTtm,0.0
AMETAMtm,0.0
AMETt2m,0.004425990496004853
ARG_Ltm,0.024447266359678522
ASNNA1tm,0.0
ASNtm,0.0
ASPNA1tm,0.0
ASPtm,6.023350943296096
CITICITtm,0.0
CITRLtm,-0.024447266359678522
CO2tm,-16.747090602645148
COAtm,0.01818372049971525
DATPtm,0.0
DCTPtm,0.0
DGTPtm,0.0
DHORStm,-0.004701908702420473
DICtm,-0.03132476158087748
D_LACtm,0.0
DTTPtm,0.0
ETOHtm,-0.262296385450596
FA40COAtm,0.0
FADH2tm,0.0
FADtm,0.0
FRDPtm,0.0
GLUNA1tm,-2.688189188602343e-16
GLUtm,0.0
GLYCLTtm,0.0
GLYNA1tm,0.0
GLYtm,-0.02162407075928291
GMPtm,0.0
H2O2tm,0.011552553948015147
H2Otm,-10.882149939767366
H2tm,0.0
HCYStm,-0.0003226168495895649
HMGCOAtm,0.0
ILEtm,0.0
LEUtm,0.0
MAL_na_tm,10.888990513605762
MALAKGtm,0.0
MALCITtm,0.0
MALICITtm,0.0
MALOAAtm,0.0
METHFtm,0.0
METtm,0.00032271974871600034
MLTHFtm,0.24526706192127676
NA1Htm,5.447497097850523
NA1tm,0.0
NADtm,1.1473252811811108e-05
NH4tm,0.14081916462041588
O2tmr,5.108729700537127
OAAAKGtm,0.0
OAACITtm,0.0
OAAICITtm,0.0
ORNtm,0.024447266359678522
PHEMEtm,0.0
PIcm,0.0
PINA1tm,0.0
PItm,16.9325782362132
PMTCOAtm,0.0
PNTORtm,0.0
PPAtm,-0.001545854635905464
PPCOAtm,-0.01818372049971526
PRONA1tm,0.0
PROtm,0.0
PYRtm,0.0
SELTtm,0.0
SERNA1tm,0.0
SERtm,-0.10976402068179639
SO4NA1tm,0.0
SPMDtmr,0.0
SUCFUMtmr,-0.03132476158087747
THFtm,-0.24526706192127676
THRNA1tm,0.0
THRtm,0.0
TYRtm,-5.99702027567528
UDPtm,0.025419175495352195
URATEtm,5.07612644467976e-16
UREAtm,0.0
UTPtm,-0.025419175495352195
VALtm,-0.023067178716875112
ASCBtm,0.0
BTNtm,-1.0289912643599906e-07
PRPPtm,0.00011725355718463911
NICRNTtm,0.00011725355718463912
URDGLYCAtm,-5.076126444679759e-16
THMPPtm,0.0
TSULtm2,-0.0015443030020360095
CMTEPtm,-1.1473252859338469e-05
NCAMtm,-1.1473252859338469e-05
Stm,1.0289912643599907e-07
PAPSPAPtm,0.0
DHAPtm,0.00011725355718463912
CYStm,0.0015557762548953477
SO3tm,0.001544303002036009
4ABUTtmi,0.0
ACSERtmi,0.0
ATP_3h_tm,0.0
FORtmi,0.02128545428953887
GLNtm,0.0
GLU4ABUTtmi,0.0
HCO3_h_tmi,0.0
NA1ATPasem,16.336487611456285
NADHtm,0.0
PTRCtmi,0.0
SPMDtmi,0.0
TSULtm,0.0
GALTLtm,0.0
2DHPtn,0.0
AHCYStn,0.0
AMETtn,0.0
AMPtn,0.0
APStn,0.0
GMPtn,0.0
H2O2tn,0.0
H2Otn,0.0
NH4tn,0.0
O2tnr,0.0
PItn,0.0
SO4tn,0.0
UDPtn,0.0
NADtn,0.0
UDPGtni,0.0
ACAROtu,9.85717372856059e-05
CAROtu,0.0
CHLAtu,0.0
CHLDBtu,0.0008513304318262721
GCAROtu,0.00014007562666901876
GGDPtu,0.0
GTHOXtu,0.0
GTHRDtu,0.0
H2Othu,-14.926839801745896
MG2tu,0.0
NADPHtu,0.00036575302519132685
NADPtu,-0.0003657530251913268
O2trhu,0.00041503889383412976
PDPtu,0.0013701290491189351
PPItu,-0.001370129049118935
ASCBtu,0.0
CHLDA1tu,0.0
CHLDA2tu,0.0005187986172926627
TRP23OR,0.0
34HPPYRI,0.0
TAT,0.0
FAA,0.0
HGDO,0.0
HPPD,0.0
MAAI,0.0
MAAIn,0.0
ALPH,0.0
ALPHm,5.07612644467976e-16
URCB,0.0
IMDHT,0.013406565423049514
IMDHT_3c2hmp,0.013406565423049514
KARI,0.005323195068721347
KARI_3hmoa,0.0
ACAS_2ahbut,0.0053231950687213465
DHAD,0.0
DHAD_3mob,0.0
DHAD_3mob_h,0.0
DHADh,0.005323195068721347
ILETL,0.005323195068721347
IMDH,0.013406565423049513
IPMS,0.013406565423049516
KARI_23dhmb,0.0
KARI_23dhmp,0.0053231950687213465
LEUTL,0.013406565423049514
MOPC,0.013406565423049513
TAL,0.025052770204342167
VALTL,0.009660613293825601
VALTLh,0.0
ILETLm,0.0
ILETAH,0.0
LEUTAH,0.0
VALTAH,0.0
ECH_3hivcoa,0.0
HMNO,0.0
HMNOS,0.0
MGC,0.0
ACCAT,0.0
ALDH,0.0
DHRT_2mbcoa,0.0
DHRT_ibcoa,0.0
DHRT_ivcoa,0.0
ECH_3hibutcoa,0.0
ECH_3hmbcoa,0.0
HIBH,0.0
HMGL,0.0
IVCDH,0.0
MCDH,0.0
MCDH_2mb2coa,0.0
MCTC,0.0
MHGS,0.0
MMSDH,0.0
MOD,0.0
MOD_2mbdhl,0.0
MOD_2mhop,0.0
MOD_3mhtpp,0.0
MOD_3mop,0.0
MOD_4mop,0.0
OIVD3m,0.0
BCTA,0.0
BCTA_glu,-0.01340656542304951
BCTA_glu_h,0.0
BCTAh,0.005323195068721347
BCTA_val,0.0
BCTA_val_h,0.013406565423049514
PYDXOR,0.0
PDX5POi,0.0
PDXPP,0.0
PYAM5PO,0.0
PYAMPP,0.0
PYDAMK,0.0
PYDXDH,0.0
PYDXK,0.0
PYDXNK,0.0
PYDXNO,0.0
PYDXO,0.0
PYDXPP,0.0
PYDXS,0.0
Biomass_Chlamy_auto,0.05144956439165456
Biomass_Chlamy_mixo,0.0
Biomass_Chlamy_hetero,0.0
CDI1_BRANCH,4.723070011153847e-05
SMT1_2ND,4.723070011153847e-05
C4DEMETH_BRANCH,4.7230700111538466e-05
SMT1_CROSS,0.0
STE1_ERG3,4.723070011153889e-05
CYP710_ERG5,4.723070011153889e-05
ERG4_7DEHYD,4.723070011153889e-05
HYD1,0.00012769781882008657
ERG28,0.0001276978188200866
ERG3,0.0001276978188200866
ERG5,0.00011020496692692407
ERG4_ERGSTRL,0.00011020496692692407
ERG4_7ENOL,1.7492851893162554e-05
